"","rev","Freq"
"1","감독",1736
"2","코엘류",1156
"3","대표팀",785
"4","경기",539
"5","선수",464
"6","월드컵",367
"7","공격",364
"8","한국축구",316
"9","축구",314
"10","움베르투",307
"11","훈련",292
"12","수비",276
"13","들이",258
"14","안정",251
"15","한국은",212
"16","평가",202
"17","득점",182
"18","소집",182
"19","리그",181
"20","승리",175
"21","플레이",175
"22","상대",163
"23","때문",155
"24","으로",153
"25","아시안",152
"26","국가대표팀",141
"27","기록",139
"28","생각",136
"29","지난해",136
"30","전술",134
"31","해외",133
"32","기술",128
"33","출전",123
"34","예선",122
"35","문제",121
"36","자신",120
"37","하기",119
"38","축구협회",113
"39","예정",112
"40","시간",111
"41","전사",107
"42","대한축구협회",106
"43","유상",103
"44","올림픽대표",101
"45","프로축구",101
"46","태극",100
"47","라인",97
"48","수원",97
"49","올림픽",97
"50","부상",96
"51","패스",96
"52","기회",90
"53","박지",90
"54","경기장",89
"55","며",88
"56","조병",88
"57","코엘류호",88
"58","조직력",87
"59","패배",87
"60","합류",87
"61","멤버",85
"62","필요",85
"63","히딩크",85
"64","각오",84
"65","강",84
"66","모습",84
"67",".",82
"68","자리",81
"69","코치",81
"70","투입",81
"71","결정",80
"72","대비",80
"73","시스템",80
"74","수비수",79
"75","스트라이커",78
"76","가능성",77
"77","예상",76
"78","우리",75
"79","전력",75
"80","실시",74
"81","시작",73
"82","지적",73
"83","제외",71
"84","계획",70
"85","이번",70
"86","김도훈은",68
"87","일본의",68
"88","최종",68
"89","A매치",67
"90","선발",67
"91","한국과",67
"92","한국의",67
"93","골을",66
"94","기량",65
"95","승부",65
"96","오만",65
"97","활약",65
"98","미드필더",64
"99","지난달",64
"100","차례",64
"101","차예선",64
"102","컨디션",64
"103","정도",63
"104","이동",62
"105","중요",61
"106","찬스",61
"107","포함",61
"108","전망",60
"109","체력",60
"110","최전방",60
"111","김호",59
"112","친선경기",59
"113","부족",58
"114","우성",58
"115","가운데",57
"116","골문",57
"117","기용",57
"118","관심",56
"119","대표",56
"120","상황",56
"121","오른쪽",56
"122","한국팀",56
"123","기대",55
"124","미드필더로",55
"125","부재",55
"126","아시아지역",55
"127","능력",54
"128","분석",54
"129","위원회",54
"130","준비",54
"131","협회",54
"132","구성",53
"133","발탁",53
"134","발표",52
"135","우승",52
"136","무승부",51
"137","상태",51
"138","스리",51
"139","스피드",51
"140","연결",51
"141","연습",51
"142","위원장",51
"143","일본에",51
"144","참가",51
"145","한국대표팀",51
"146","결승골",50
"147","명단",50
"148","소속",50
"149","후반",50
"150","분위기",49
"151","일정",49
"152","측면",48
"153","포르투갈",48
"154","━━━━━",47
"155","구단",47
"156","무대",47
"157","사령탑",47
"158","슈팅",47
"159","프로",47
"160","결과",46
"161","골키퍼",46
"162","국은",46
"163","독일월드컵",46
"164","브라",46
"165","입국",46
"166","조재진",46
"167","진출",46
"168","한일월드컵",46
"169","관계자",45
"170","킬러",45
"171","한국이",45
"172","본선",44
"173","부산",44
"174","성공",44
"175","점검",44
"176","경쟁",43
"177","그라운드",43
"178","미드필드",43
"179","서울월드컵경기장에서",43
"180","입장",43
"181","표정",43
"182","감각",42
"183","엔트리",42
"184","전반",42
"185","최성국",42
"186","골결정력",41
"187","대전",41
"188","압박",41
"189","자신감",41
"190","전략",41
"191","차출",41
"192","처음",41
"193","대회",40
"194","마음",40
"195","부분",40
"196","이용",40
"197","코엘류는",40
"198","판단",40
"199","허용",40
"200","가동",39
"201","경질",39
"202","그동안",39
"203","논의",39
"204","다음달",39
"205","대결",39
"206","메이커",39
"207","무엇",39
"208","성적",39
"209","역할",39
"210","원정경기",39
"211","포진",39
"212","강화",38
"213","개인",38
"214","교체",38
"215","네덜란드",38
"216","베트남",38
"217","베트남과",38
"218","소화",38
"219","정신력",38
"220","콜롬비아와",38
"221","확정",38
"222","날개",37
"223","돌입",37
"224","돌파",37
"225","부진",37
"226","사실",37
"227","유니폼",37
"228","중앙",37
"229","최성국은",37
"230","출격",37
"231","김도훈",36
"232","마지막",36
"233","원톱으로",36
"234","이을용",36
"235","국내파",35
"236","다음",35
"237","대구",35
"238","만족",35
"239","목표",35
"240","박성화",35
"241","변화",35
"242","적응",35
"243","책임",35
"244","트릭",35
"245","강조",34
"246","개막전",34
"247","경험",34
"248","국제축구연맹(FIFA)",34
"249","마무리",34
"250","몰디브와",34
"251","아시아",34
"252","이영표",34
"253","청소년대표",34
"254","최선",34
"255","카드",34
"256","기자회견",33
"257","비롯",33
"258","예선전",33
"259","요청",33
"260","이유",33
"261","집중",33
"262","트레이닝센터",33
"263","가능",32
"264","과시",32
"265","관전",32
"266","데뷔전",32
"267","복귀",32
"268","시도",32
"269","올시즌",32
"270","운영",32
"271","위원",32
"272","의미",32
"273","좌우",32
"274","주목",32
"275","충격",32
"276","현대",32
"277","호흡",32
"278","회복",32
"279","국가대표",31
"280","본격",31
"281","불구",31
"282","사이드",31
"283","설기현",31
"284","설명",31
"285","세계",31
"286","수비진",31
"287","의지",31
"288","적극",31
"289","전환",31
"290","최용수(이치하라)",31
"291","출장",31
"292","구사",30
"293","랭킹",30
"294","르투",30
"295","발휘",30
"296","설기현(안더레흐트)",30
"297","스포츠",30
"298","연속",30
"299","인터뷰",30
"300","주력",30
"301","하나",30
"302","개월",29
"303","김진국",29
"304","머리",29
"305","비교",29
"306","실력",29
"307","안정환(시미즈)",29
"308","연패",29
"309","월일",29
"310","의견",29
"311","출국",29
"312","한국을",29
"313","한방",29
"314","활용",29
"315","성인",28
"316","아쉬움",28
"317","요구",28
"318","울산)",28
"319","인정",28
"320","조재진은",28
"321","주장",28
"322","파악",28
"323","포메이션을",28
"324","피력",28
"325","A매치에서",27
"326","결정력",27
"327","계기",27
"328","공격력",27
"329","공백",27
"330","실패",27
"331","용병",27
"332","우위",27
"333","위치",27
"334","이상",27
"335","정규리그",27
"336","지휘봉",27
"337","출신",27
"338","포지션",27
"339","프리킥",27
"340","공간",26
"341","도쿄에서",26
"342","마크",26
"343","매치",26
"344","방침",26
"345","부담",26
"346","색깔",26
"347","센터링",26
"348","수준",26
"349","스타",26
"350","아시안컵",26
"351","얼굴",26
"352","참석",26
"353","최태욱",26
"354","충분",26
"355","후보",26
"356","가세",25
"357","계속",25
"358","구장",25
"359","김도훈과",25
"360","김태영",25
"361","노력",25
"362","다짐",25
"363","대상",25
"364","대표선수",25
"365","부터",25
"366","비아",25
"367","설욕",25
"368","송종국(페예노르트)",25
"369","순간",25
"370","인상",25
"371","작성",25
"372","정신",25
"373","주문",25
"374","중국과",25
"375","지원",25
"376","최용수는",25
"377","쿠엘류",25
"378","필승",25
"379","한.일전",25
"380","NFC",24
"381","김태영(전남)",24
"382","바탕",24
"383","방문",24
"384","승무패로",24
"385","였다",24
"386","원정",24
"387","이천수(레알",24
"388","인천공항을",24
"389","자존심",24
"390","전체",24
"391","주전",24
"392","주축",24
"393","헤딩",24
"394","경계",23
"395","국내",23
"396","삼성",23
"397","세트",23
"398","손발",23
"399","안방",23
"400","오프",23
"401","이해",23
"402","이후",23
"403","지도자",23
"404","코엘류호에",23
"405","콜롬비아",23
"406","헤딩슛",23
"407","가담",22
"408","고려",22
"409","국민",22
"410","귀국",22
"411","기간",22
"412","네티즌",22
"413","대부분",22
"414","라운드",22
"415","력을",22
"416","사람",22
"417","사실상",22
"418","사용",22
"419","수석",22
"420","시험",22
"421","아르헨티나",22
"422","아테네올림픽",22
"423","역습",22
"424","우성용(포항)",22
"425","자세",22
"426","중국",22
"427","최태욱(안양)",22
"428","플레이어",22
"429","해트",22
"430","허리",22
"431","휴가",22
"432","가지",21
"433","기세",21
"434","누구",21
"435","데뷔",21
"436","류호",21
"437","맞대결",21
"438","목소리",21
"439","바람",21
"440","불참",21
"441","상무",21
"442","스페인",21
"443","여부",21
"444","연승",21
"445","정조국",21
"446","정조국은",21
"447","중거리",21
"448","지휘",21
"449","진의",21
"450","창단",21
"451","최고",21
"452","탈락",21
"453","테스트",21
"454","투톱으로",21
"455","특별",21
"456","향상",21
"457","현실",21
"458","화려",21
"459","회의",21
"460","A매치를",20
"461","강력",20
"462","과정",20
"463","난조",20
"464","마찬가지",20
"465","발끝",20
"466","배치",20
"467","불가리아",20
"468","상승세",20
"469","스타일",20
"470","시즌",20
"471","신화",20
"472","약체",20
"473","영입",20
"474","오가사와라",20
"475","오사",20
"476","왼쪽",20
"477","응원",20
"478","이름",20
"479","정경",20
"480","주인공",20
"481","철이",20
"482","청소년",20
"483","축구팀",20
"484","특유",20
"485","PSV",19
"486","거취",19
"487","김대",19
"488","나머지",19
"489","년",19
"490","다양",19
"491","대승",19
"492","도움",19
"493","도전",19
"494","복안",19
"495","사냥",19
"496","삼성하우젠",19
"497","승무패",19
"498","영광",19
"499","오늘",19
"500","유력",19
"501","일본대표",19
"502","재신임",19
"503","제공",19
"504","중심",19
"505","중원",19
"506","차세대",19
"507","최다",19
"508","축구팬",19
"509","치욕",19
"510","코엘류가",19
"511","코엘류호가",19
"512","페널티",19
"513","포인트",19
"514","한국에",19
"515","회장",19
"516","FIFA",18
"517","고지",18
"518","골로",18
"519","관련",18
"520","구상",18
"521","내용",18
"522","레바논과",18
"523","만큼",18
"524","몰디브",18
"525","몸놀림",18
"526","무산",18
"527","발굴",18
"528","선두",18
"529","쇼크",18
"530","신병",18
"531","압도",18
"532","예전",18
"533","이영표는",18
"534","일화",18
"535","조건",18
"536","조율",18
"537","조재진(광주)",18
"538","주역",18
"539","질문",18
"540","최용수",18
"541","코너킥",18
"542","코엘류()",18
"543","표시",18
"544","효과",18
"545","거부",17
"546","게임",17
"547","기술위원",17
"548","김동진",17
"549","나라",17
"550","다.",17
"551","라이벌",17
"552","마련",17
"553","보강",17
"554","불가리아와",17
"555","불만",17
"556","비난",17
"557","선언",17
"558","선정",17
"559","설기현은",17
"560","시합",17
"561","신문",17
"562","신인왕",17
"563","실망",17
"564","에인트호벤)",17
"565","오른발",17
"566","우승팀",17
"567","유럽파",17
"568","이관",17
"569","이기",17
"570","전달",17
"571","전문가",17
"572","정몽준",17
"573","진행",17
"574","최성국과",17
"575","최태욱은",17
"576","축구계",17
"577","출발",17
"578","코엘류호는",17
"579","프로팀",17
"580","한국",17
"581","한국올림픽축구대표팀",17
"582","해결",17
"583","해서",17
"584","감독직",16
"585","결론",16
"586","관중",16
"587","김남일",16
"588","동료",16
"589","라이커",16
"590","루트",16
"591","방식",16
"592","소시에다드)",16
"593","안컵",16
"594","얘기",16
"595","언론",16
"596","여기",16
"597","여유",16
"598","올해",16
"599","외국",16
"600","용의",16
"601","우려",16
"602","위주",16
"603","유망주",16
"604","이을용이",16
"605","이전",16
"606","일본팀",16
"607","자랑",16
"608","장소",16
"609","제회",16
"610","차이",16
"611","체제",16
"612","최진철",16
"613","태극마크",16
"614","해결사",16
"615","현지",16
"616","협조",16
"617","호텔",16
"618","거듭",15
"619","결장",15
"620","고민",15
"621","공세",15
"622","규정",15
"623","그것",15
"624","극대화",15
"625","기본",15
"626","김남일이",15
"627","나름",15
"628","눈길",15
"629","달성",15
"630","대",15
"631","대목",15
"632","대신",15
"633","멀티",15
"634","몰디브전",15
"635","미래",15
"636","발전",15
"637","베스트",15
"638","부임",15
"639","비장",15
"640","사이",15
"641","숙소",15
"642","승선",15
"643","아르헨티나와",15
"644","여자",15
"645","운용",15
"646","원인",15
"647","의식",15
"648","이영표와",15
"649","이운재(수원)",15
"650","일부",15
"651","전적",15
"652","정면",15
"653","조병국(수원)",15
"654","주도권",15
"655","진이",15
"656","차두리(프랑크푸르트)",15
"657","최강",15
"658","추가",15
"659","취재진",15
"660","크로스",15
"661","특급",15
"662","홈경기",15
"663","홍명보",15
"664","확실",15
"665","감안",14
"666","공항",14
"667","관건",14
"668","국방부",14
"669","김대의는",14
"670","김두현(수원)",14
"671","김용대(부산)",14
"672","대화",14
"673","도착",14
"674","력이",14
"675","무릎",14
"676","박충균",14
"677","방송",14
"678","선제",14
"679","세대교체",14
"680","소식",14
"681","실수",14
"682","언제",14
"683","올스타전",14
"684","의욕",14
"685","이영표(PSV",14
"686","자책골",14
"687","전반전",14
"688","절정",14
"689","조재진이",14
"690","주말",14
"691","차예선에서",14
"692","착용",14
"693","최성국(울산)",14
"694","최성용",14
"695","추가골",14
"696","치열",14
"697","퇴장",14
"698","하자",14
"699","화끈한",14
"700","회관",14
"701","훌륭",14
"702","휴식",14
"703","희망",14
"704","◆일",13
"705","LG",13
"706","강전",13
"707","같다""며",13
"708","개막",13
"709","걱정",13
"710","격돌",13
"711","계약",13
"712","공략",13
"713","공문",13
"714","과제",13
"715","관측",13
"716","교수",13
"717","국제",13
"718","김두현",13
"719","나카야마",13
"720","노출",13
"721","눈도장을",13
"722","대량",13
"723","드리블",13
"724","마그노는",13
"725","마르",13
"726","모색",13
"727","무장",13
"728","베트남에",13
"729","부활",13
"730","불과",13
"731","브와",13
"732","비디오",13
"733","비판",13
"734","사이트",13
"735","승무로",13
"736","신뢰",13
"737","아시안게임",13
"738","아시안컵축구대회",13
"739","업그레이드",13
"740","에인트호벤과",13
"741","오후",13
"742","완성",13
"743","우루과이",13
"744","웃음",13
"745","위협",13
"746","유기",13
"747","일(한국시간)",13
"748","임기",13
"749","작용",13
"750","작전",13
"751","제기",13
"752","제시",13
"753","제압",13
"754","중용",13
"755","중점",13
"756","지시",13
"757","지역",13
"758","차단",13
"759","촉구",13
"760","최용수를",13
"761","프랑스",13
"762","활로",13
"763","활발",13
"764","황태자",13
"765","cm",12
"766","가뭄",12
"767","검토",12
"768","것”이라고",12
"769","결전",12
"770","고집",12
"771","골",12
"772","국가",12
"773","기자",12
"774","김남일(엑셀시오르)",12
"775","김남일과",12
"776","낙점",12
"777","달러",12
"778","담당",12
"779","답답",12
"780","대파",12
"781","도약",12
"782","도쿄국립경기장에서",12
"783","라이커로",12
"784","러닝",12
"785","리드",12
"786","맹활약",12
"787","무리",12
"788","미드필더를",12
"789","밀집",12
"790","박충균(성남)",12
"791","발목",12
"792","방안",12
"793","배제",12
"794","보도",12
"795","불투명",12
"796","샤샤",12
"797","선배",12
"798","선봉",12
"799","설움",12
"800","소감",12
"801","송종국",12
"802","수비력",12
"803","실전",12
"804","안팎",12
"805","어깨",12
"806","연맹",12
"807","연출",12
"808","예비",12
"809","울산",12
"810","이영표가",12
"811","작렬",12
"812","전의",12
"813","전형",12
"814","정확",12
"815","조성환(수원)",12
"816","조절",12
"817","최원권",12
"818","추격",12
"819","칭찬",12
"820","콜롬비아전",12
"821","통쾌",12
"822","판정",12
"823","포메이션",12
"824","필드",12
"825","한·일전에",12
"826","한데",12
"827","한일월드컵에서",12
"828","형태",12
"829","A매치에",11
"830","MVP",11
"831","가슴",11
"832","고질",11
"833","기억",11
"834","김도훈이",11
"835","김정우(이상",11
"836","나카타",11
"837","년대",11
"838","당시",11
"839","대체",11
"840","도도",11
"841","되풀이",11
"842","로운",11
"843","면모",11
"844","문화",11
"845","보유",11
"846","사정",11
"847","생활",11
"848","선방",11
"849","쇄도",11
"850","승패",11
"851","아래",11
"852","아리에",11
"853","안정환(시미즈)이",11
"854","약속",11
"855","약점",11
"856","어려움",11
"857","여러",11
"858","연승을",11
"859","오쿠보",11
"860","완벽",11
"861","용이",11
"862","우루과이전",11
"863","우세",11
"864","울산은",11
"865","워크",11
"866","유지",11
"867","이민",11
"868","이적",11
"869","인방",11
"870","일문일답",11
"871","장기",11
"872","정조국(안양)",11
"873","존재",11
"874","중인",11
"875","지금",11
"876","최성국이",11
"877","최용수가",11
"878","침착",11
"879","코칭스태프",11
"880","특징",11
"881","파워",11
"882","포백시스템을",11
"883","포백으로",11
"884","프로그램",11
"885","하루",11
"886","한.일전에",11
"887","한골",11
"888","한국인",11
"889","합격",11
"890","호소",11
"891","홍콩과",11
"892","화력",11
"893","확인",11
"894","_로",10
"895","SK",10
"896","강호",10
"897","골맛을",10
"898","공식",10
"899","과거",10
"900","구축",10
"901","국립",10
"902","극복",10
"903","김두현(이상",10
"904","끝났다",10
"905","남미",10
"906","노장",10
"907","는",10
"908","단점",10
"909","답답증",10
"910","대안",10
"911","독려",10
"912","되기",10
"913","라인업",10
"914","류호는",10
"915","리턴",10
"916","마감",10
"917","만회",10
"918","말레이시아",10
"919","무실점",10
"920","박철",10
"921","반대",10
"922","방심",10
"923","베트남전",10
"924","변경",10
"925","보고",10
"926","보완",10
"927","불안",10
"928","비슷",10
"929","상하",10
"930","새내기",10
"931","서동명(울산)",10
"932","서명운동",10
"933","성실",10
"934","성장",10
"935","스태프",10
"936","시련",10
"937","시분",10
"938","시원",10
"939","신기록",10
"940","신태",10
"941","심판",10
"942","쐐기",10
"943","쓰리백",10
"944","아이",10
"945","언급",10
"946","에인트호벤",10
"947","여지",10
"948","오랜만",10
"949","요코하마",10
"950","울트라",10
"951","원톱",10
"952","원톱에",10
"953","위력",10
"954","유나이티드",10
"955","이을용(트라브존스포르)",10
"956","이하",10
"957","자연",10
"958","자질",10
"959","장식",10
"960","적절",10
"961","전문",10
"962","전방",10
"963","전통",10
"964","전폭",10
"965","정상",10
"966","조성",10
"967","조커",10
"968","주도",10
"969","지난번",10
"970","진가",10
"971","집중력",10
"972","차범근",10
"973","책임감",10
"974","철학",10
"975","초반",10
"976","최상",10
"977","최성국(울산)이",10
"978","추구",10
"979","코엘류와",10
"980","코칭스태프와",10
"981","콤비",10
"982","타이틀",10
"983","탁월",10
"984","탑승",10
"985","투지",10
"986","트랩",10
"987","패트리어트",10
"988","하시",10
"989","한국선수",10
"990","함성",10
"991","행정",10
"992","홍콩을",10
"993","황선홍",10
"994","후배",10
"995","(승점",9
"996","‘오만",9
"997","MF",9
"998","SBS",9
"999","가족",9
"1000","간판",9
"1001","개선",9
"1002","결의",9
"1003","경기력",9
"1004","경우",9
"1005","고공",9
"1006","고전",9
"1007","골망을",9
"1008","골잡이",9
"1009","공격축구",9
"1010","과감",9
"1011","관계",9
"1012","근성",9
"1013","기대감",9
"1014","김남일(전남)",9
"1015","김남일은",9
"1016","김대의(이상",9
"1017","김도훈(성남)",9
"1018","김은중",9
"1019","김호곤호",9
"1020","나이",9
"1021","담금질을",9
"1022","당부",9
"1023","대으로",9
"1024","라운드를",9
"1025","무패로",9
"1026","반전",9
"1027","베트남은",9
"1028","벤치",9
"1029","변형",9
"1030","병행",9
"1031","부담감",9
"1032","불가리아는",9
"1033","불꽃",9
"1034","사흘",9
"1035","상가",9
"1036","상당",9
"1037","서울에서",9
"1038","선사",9
"1039","선수단",9
"1040","선택",9
"1041","수행",9
"1042","스타디움",9
"1043","시민",9
"1044","심리",9
"1045","아우",9
"1046","안정환(요코하마)",9
"1047","애정",9
"1048","야마모토",9
"1049","었다",9
"1050","여론",9
"1051","연승으로",9
"1052","연승행진",9
"1053","영원",9
"1054","오버래핑",9
"1055","오전",9
"1056","왕정현(안양)",9
"1057","외면",9
"1058","욕심",9
"1059","우승컵",9
"1060","운드",9
"1061","울산에서",9
"1062","유감",9
"1063","유도",9
"1064","은퇴",9
"1065","이관우(대전)",9
"1066","이상헌",9
"1067","이성",9
"1068","이천수(울산)",9
"1069","이탈리아",9
"1070","인사",9
"1071","인천문학월드컵경기장에서",9
"1072","입소",9
"1073","잉글랜드",9
"1074","자제",9
"1075","장악",9
"1076","장점",9
"1077","저력",9
"1078","절묘",9
"1079","조련",9
"1080","조언",9
"1081","좌절",9
"1082","주간",9
"1083","주도하",9
"1084","주일",9
"1085","중국을",9
"1086","지도",9
"1087","차두리(빌레펠트)",9
"1088","차원",9
"1089","참여",9
"1090","참패",9
"1091","총동원",9
"1092","최강희",9
"1093","최종범(포항)",9
"1094","축구대회",9
"1095","치중",9
"1096","침묵",9
"1097","카라스코",9
"1098","카리스마",9
"1099","코칭스태프는",9
"1100","콜롬비아전에서",9
"1101","클럽",9
"1102","티켓",9
"1103","파괴력",9
"1104","파트너",9
"1105","포르투갈을",9
"1106","포부",9
"1107","폭격기",9
"1108","한국에서",9
"1109","한다”고",9
"1110","한단",9
"1111","해소",9
"1112","행진",9
"1113","환도",9
"1114","황선홍이",9
"1115","회견",9
"1116","효율",9
"1117","_",8
"1118","`코엘류호",8
"1119","”고",8
"1120","─────",8
"1121","KBS",8
"1122","개팀",8
"1123","거리",8
"1124","건재",8
"1125","결정력을",8
"1126","경기내용",8
"1127","골찬스를",8
"1128","공개",8
"1129","공격라인",8
"1130","광주는",8
"1131","교란",8
"1132","구체",8
"1133","극심",8
"1134","근본",8
"1135","긍정",8
"1136","기존",8
"1137","긴장",8
"1138","김정겸(전남)",8
"1139","김진석",8
"1140","김태영(전남)과",8
"1141","나가이",8
"1142","네트",8
"1143","논스톱",8
"1144","다”고",8
"1145","다고",8
"1146","단계",8
"1147","대단",8
"1148","데이",8
"1149","도전장",8
"1150","독주",8
"1151","돌풍",8
"1152","동안",8
"1153","동점골",8
"1154","러스를",8
"1155","레바논",8
"1156","마그노와",8
"1157","매진",8
"1158","미드필더에는",8
"1159","미흡",8
"1160","박재홍(이상",8
"1161","박지성(PSV",8
"1162","반복",8
"1163","발판",8
"1164","방어",8
"1165","벨기에",8
"1166","보조",8
"1167","부위원장",8
"1168","부응",8
"1169","불가피",8
"1170","사태",8
"1171","상견례",8
"1172","서울팀",8
"1173","선호",8
"1174","성적표",8
"1175","센터",8
"1176","수모",8
"1177","스를",8
"1178","신고",8
"1179","심각",8
"1180","아랍에미리트연합(UAE)에서",8
"1181","안정환(시미즈",8
"1182","않았다",8
"1183","역력",8
"1184","연마",8
"1185","연습경기",8
"1186","오랫동안",8
"1187","왕정",8
"1188","요소",8
"1189","운드를",8
"1190","유럽파가",8
"1191","유리",8
"1192","유상철(요코하마)",8
"1193","의사",8
"1194","이영표(이상",8
"1195","이틀",8
"1196","일각",8
"1197","일거",8
"1198","일방",8
"1199","자청",8
"1200","장면",8
"1201","재미",8
"1202","재현",8
"1203","적합",8
"1204","전국",8
"1205","정리",8
"1206","조재진(광주)을",8
"1207","조재진(광주)이",8
"1208","조재진과",8
"1209","중국에서",8
"1210","지배",8
"1211","지코",8
"1212","차예선을",8
"1213","챔피언",8
"1214","챔피언스리그",8
"1215","철저",8
"1216","최성국을",8
"1217","최용수(이치하라)가",8
"1218","최용수와",8
"1219","최진철(전북)",8
"1220","추진",8
"1221","출사표",8
"1222","탈출",8
"1223","토종",8
"1224","통과",8
"1225","통한",8
"1226","파인",8
"1227","펄스",8
"1228","페널티킥",8
"1229","포르투갈에서",8
"1230","포르투갈이",8
"1231","포메이션으로",8
"1232","피로",8
"1233","하석주",8
"1234","한·일전",8
"1235","합의",8
"1236","해설위원",8
"1237","협의",8
"1238","홈페이지",8
"1239","홍콩",8
"1240","흥미",8
"1241","흥분",8
"1242","히딩크가",8
"1243","_으로",7
"1244","○...",7
"1245","FA",7
"1246","GK",7
"1247","m",7
"1248","가",7
"1249","강팀과",7
"1250","거론",7
"1251","격려",7
"1252","격차",7
"1253","견인",7
"1254","고삐",7
"1255","골몰",7
"1256","곳곳",7
"1257","과학",7
"1258","관리",7
"1259","광대뼈",7
"1260","군사훈련",7
"1261","균형",7
"1262","기분",7
"1263","기습",7
"1264","기원",7
"1265","김동현",7
"1266","김두현은",7
"1267","김영철(광주)",7
"1268","김정우",7
"1269","깨끗",7
"1270","날씨",7
"1271","남궁도는",7
"1272","논리",7
"1273","다""고",7
"1274","단추",7
"1275","담금질에",7
"1276","대답",7
"1277","대책",7
"1278","독수리",7
"1279","독일과",7
"1280","맞불을",7
"1281","명예",7
"1282","몰디브를",7
"1283","몸싸움",7
"1284","무패행진",7
"1285","물론",7
"1286","미드필더가",7
"1287","미드필더에",7
"1288","박재홍(전북)",7
"1289","박주성",7
"1290","박지성(PSV에인트호벤)",7
"1291","박지성(이상",7
"1292","박진섭(울산)",7
"1293","박진섭(이상",7
"1294","방송사",7
"1295","방향",7
"1296","변명",7
"1297","병기",7
"1298","부근",7
"1299","분명",7
"1300","불가능",7
"1301","붙박이",7
"1302","비중",7
"1303","비행",7
"1304","빌미",7
"1305","사퇴",7
"1306","사항",7
"1307","서울월드컵경기장",7
"1308","설기현과",7
"1309","설기현이",7
"1310","세계선수권",7
"1311","소리",7
"1312","소시에다드)가",7
"1313","수차례",7
"1314","승패로",7
"1315","시름",7
"1316","시절",7
"1317","신중",7
"1318","아인트호벤",7
"1319","역대",7
"1320","역사",7
"1321","역전승",7
"1322","오쿠보는",7
"1323","우루과이와",7
"1324","우리나라",7
"1325","운드에",7
"1326","울산월드컵경기장에서",7
"1327","원칙",7
"1328","월드스타",7
"1329","유럽",7
"1330","유럽에서",7
"1331","이란과",7
"1332","이영표(아인트호벤)",7
"1333","이영표(에인트호벤)",7
"1334","이운재",7
"1335","익숙",7
"1336","일관",7
"1337","일본도",7
"1338","일품",7
"1339","임무",7
"1340","있다”고",7
"1341","자료",7
"1342","자리매김",7
"1343","장신",7
"1344","재치",7
"1345","전담",7
"1346","전무",7
"1347","전승",7
"1348","전재",7
"1349","전지훈련",7
"1350","절호",7
"1351","접목",7
"1352","정교",7
"1353","조재진을",7
"1354","조화",7
"1355","주년",7
"1356","즌과",7
"1357","지도력",7
"1358","직면",7
"1359","진정",7
"1360","질주",7
"1361","짜임새",7
"1362","차두리가",7
"1363","참관",7
"1364","창조",7
"1365","첫승",7
"1366","체력훈련",7
"1367","체크",7
"1368","최성국(울산)과",7
"1369","축구연맹(FIFA)",7
"1370","축하",7
"1371","충돌",7
"1372","코엘류감독은",7
"1373","콘스와",7
"1374","콜롬비아는",7
"1375","콜롬비아전에",7
"1376","콜롬비아전을",7
"1377","타이밍",7
"1378","터널",7
"1379","토론",7
"1380","투톱을",7
"1381","특명",7
"1382","포메이션은",7
"1383","포백은",7
"1384","풀리그",7
"1385","풍부",7
"1386","프로구단",7
"1387","플레이어로",7
"1388","피곤",7
"1389","피스",7
"1390","픽대표팀",7
"1391","하마",7
"1392","한.일전이",7
"1393","한·일월드컵",7
"1394","한국시간",7
"1395","허술",7
"1396","현란",7
"1397","호골을",7
"1398","훈련기간",7
"1399","”며",6
"1400","┏━━━━━",6
"1401","┣━┓",6
"1402","┣━┛",6
"1403","TV",6
"1404","감정",6
"1405","개최",6
"1406","객관",6
"1407","갤럭시",6
"1408","견고",6
"1409","견해",6
"1410","결정력이",6
"1411","결혼식",6
"1412","경쟁력",6
"1413","계단",6
"1414","계산",6
"1415","고",6
"1416","고개",6
"1417","곤즈는",6
"1418","골잡이로서",6
"1419","관람",6
"1420","관찰",6
"1421","광주",6
"1422","광주)",6
"1423","구석",6
"1424","국도",6
"1425","군입",6
"1426","극찬",6
"1427","기가",6
"1428","기념",6
"1429","기본기",6
"1430","기업",6
"1431","김도훈(성남",6
"1432","김동진은",6
"1433","김호곤호는",6
"1434","눈앞",6
"1435","다며",6
"1436","대로",6
"1437","대학",6
"1438","대형",6
"1439","돌파력",6
"1440","동아시아컵",6
"1441","동점",6
"1442","득표",6
"1443","라운드에",6
"1444","라운드에서",6
"1445","란드",6
"1446","류는",6
"1447","류호에",6
"1448","리아",6
"1449","리우올스타는",6
"1450","마사",6
"1451","마찰",6
"1452","만족감",6
"1453","면서",6
"1454","명성",6
"1455","무난",6
"1456","무더위",6
"1457","물색",6
"1458","미니",6
"1459","미팅",6
"1460","바통",6
"1461","박용호",6
"1462","반칙",6
"1463","발등",6
"1464","발언",6
"1465","방법",6
"1466","배수진",6
"1467","배정",6
"1468","베테랑",6
"1469","베트남이",6
"1470","보직",6
"1471","부대",6
"1472","부정확",6
"1473","분담금",6
"1474","불응",6
"1475","뷰에서",6
"1476","비밀",6
"1477","비자",6
"1478","상상",6
"1479","선수권대회",6
"1480","선임",6
"1481","설기현(안더레흐트)은",6
"1482","성과",6
"1483","속개",6
"1484","송종국은",6
"1485","쇄신",6
"1486","수중",6
"1487","순위",6
"1488","스루패스를",6
"1489","승무패를",6
"1490","승전",6
"1491","시발점",6
"1492","시선",6
"1493","시험대",6
"1494","심장",6
"1495","아르헨티나는",6
"1496","아버지",6
"1497","악몽",6
"1498","야구",6
"1499","약화",6
"1500","양국",6
"1501","어시스트",6
"1502","어웨이",6
"1503","에인트호벤은",6
"1504","여념",6
"1505","여의",6
"1506","여장",6
"1507","여전",6
"1508","역전패",6
"1509","열광",6
"1510","열정",6
"1511","우루과이전에서",6
"1512","우수",6
"1513","운동",6
"1514","원터치",6
"1515","월일부터",6
"1516","유로",6
"1517","유상철(울산)과",6
"1518","유소년",6
"1519","유임",6
"1520","의도",6
"1521","의존",6
"1522","이기형(성남)",6
"1523","이나모토",6
"1524","이룩",6
"1525","이사회",6
"1526","이운재와",6
"1527","인식",6
"1528","입대",6
"1529","입증",6
"1530","자체",6
"1531","작정",6
"1532","장단점",6
"1533","장담",6
"1534","장악력",6
"1535","재개",6
"1536","재도약",6
"1537","재연",6
"1538","쟁쟁",6
"1539","적응력",6
"1540","적지",6
"1541","전념",6
"1542","전제",6
"1543","전주",6
"1544","절대",6
"1545","제의",6
"1546","제출",6
"1547","조광래",6
"1548","조재진(.",6
"1549","조재진(광주",6
"1550","조직",6
"1551","주변",6
"1552","주안점",6
"1553","주춤",6
"1554","준결승",6
"1555","지목",6
"1556","직전",6
"1557","진공청소기",6
"1558","진영",6
"1559","집결",6
"1560","징크스",6
"1561","차두리",6
"1562","차질",6
"1563","창의",6
"1564","처리",6
"1565","처지",6
"1566","체격",6
"1567","체계",6
"1568","초라",6
"1569","초점",6
"1570","최성국(이상",6
"1571","최성용(수원)",6
"1572","최태욱(인천)",6
"1573","축구경기",6
"1574","치료",6
"1575","친구",6
"1576","침투",6
"1577","컨트롤",6
"1578","쿠니",6
"1579","탄성",6
"1580","태세",6
"1581","토대",6
"1582","토로",6
"1583","통보",6
"1584","투혼",6
"1585","티킥을",6
"1586","팀워크",6
"1587","파동",6
"1588","파라과이와",6
"1589","패인",6
"1590","포기",6
"1591","포르투갈로",6
"1592","포르투갈은",6
"1593","플레이오프",6
"1594","피구",6
"1595","필더",6
"1596","하차",6
"1597","한계",6
"1598","한ㆍ일",6
"1599","해도",6
"1600","해산",6
"1601","해석",6
"1602","해설자",6
"1603","핵심",6
"1604","행사",6
"1605","허락",6
"1606","허점",6
"1607","허정무",6
"1608","헌납",6
"1609","헨티나와",6
"1610","현영민(울산)",6
"1611","현장",6
"1612","현재",6
"1613","형성",6
"1614","혼자",6
"1615","홍콩전에서",6
"1616","확보",6
"1617","활기",6
"1618","회복훈련",6
"1619","‘스리",5
"1620","‘코엘류",5
"1621","“코엘류",5
"1622","▲코엘류",5
"1623","━━━┳━━━━━",5
"1624","━━━┻━━━━━",5
"1625","━━┓",5
"1626","┃이┃",5
"1627","┃재┃",5
"1628","┗━━━━━",5
"1629","AFC",5
"1630","각형",5
"1631","간단",5
"1632","간담",5
"1633","감독()이",5
"1634","감독=",5
"1635","감동",5
"1636","강국",5
"1637","강슛",5
"1638","강팀을",5
"1639","개최국",5
"1640","검사",5
"1641","검은색",5
"1642","결집",5
"1643","경고",5
"1644","경기시작",5
"1645","경찰",5
"1646","경향",5
"1647","계약기간",5
"1648","고심",5
"1649","골감각을",5
"1650","골네트를",5
"1651","골득실",5
"1652","골찬스가",5
"1653","공수에서",5
"1654","관중석",5
"1655","국제축구연맹(FIFA)이",5
"1656","금물",5
"1657","기관차",5
"1658","김남일(엑셀시오르)과",5
"1659","김남일(전남)은",5
"1660","김도훈(성남)과",5
"1661","김도훈을",5
"1662","김두현(수원)이",5
"1663","김영광(전남)",5
"1664","김은중(센다이)",5
"1665","김은중은",5
"1666","김정겸은",5
"1667","김정남",5
"1668","김치",5
"1669","김태영과",5
"1670","꼴찌",5
"1671","나카다",5
"1672","내년",5
"1673","내부",5
"1674","네덜란드는",5
"1675","네덜란드로",5
"1676","년개월",5
"1677","년생",5
"1678","누적",5
"1679","다""며",5
"1680","다""면서",5
"1681","다리",5
"1682","다음주",5
"1683","단순",5
"1684","단체",5
"1685","단행",5
"1686","당초",5
"1687","대다수",5
"1688","대등",5
"1689","대처",5
"1690","대퇴",5
"1691","대표트레이닝센터(NFC)에서",5
"1692","대한",5
"1693","도중",5
"1694","독일월드컵까지",5
"1695","독일월드컵을",5
"1696","동부지역",5
"1697","동아시아대회",5
"1698","동의",5
"1699","둥지",5
"1700","득점력",5
"1701","등극",5
"1702","등장",5
"1703","류와",5
"1704","리베로",5
"1705","리틀",5
"1706","마땅",5
"1707","마쓰이",5
"1708","마음고생",5
"1709","마투라나",5
"1710","막강",5
"1711","만장일치",5
"1712","망신",5
"1713","매료",5
"1714","면면",5
"1715","모두",5
"1716","모리오카",5
"1717","몰디브가",5
"1718","몰디브전에",5
"1719","몸값",5
"1720","몸상태가",5
"1721","몸상태를",5
"1722","무명",5
"1723","무시",5
"1724","물꼬",5
"1725","미드필더는",5
"1726","미사일",5
"1727","믿음",5
"1728","박동",5
"1729","박동혁(전북)",5
"1730","박일간",5
"1731","박진섭은",5
"1732","반발",5
"1733","방송국",5
"1734","방출",5
"1735","백전노장",5
"1736","변신",5
"1737","별명",5
"1738","보도진",5
"1739","보장",5
"1740","보호",5
"1741","부천",5
"1742","부천은",5
"1743","부탁",5
"1744","분데스리가",5
"1745","불가리아전에서",5
"1746","불안감",5
"1747","붉은악마",5
"1748","비상",5
"1749","비전",5
"1750","빨래",5
"1751","사례",5
"1752","사인",5
"1753","상비군",5
"1754","샤샤가",5
"1755","샤샤와",5
"1756","서포터",5
"1757","설기현(안더레흐트)과",5
"1758","설기현도",5
"1759","세레소",5
"1760","송종국과",5
"1761","수술",5
"1762","스즈키",5
"1763","스카우트",5
"1764","스트레칭을",5
"1765","슬럼프",5
"1766","승전보",5
"1767","시분)",5
"1768","시사",5
"1769","시장",5
"1770","시점",5
"1771","시행착오",5
"1772","신인",5
"1773","실점",5
"1774","싸움",5
"1775","아르헨티나전",5
"1776","아르헨티나전을",5
"1777","아마추어",5
"1778","아시아축구연맹(AFC)",5
"1779","안이",5
"1780","안정환(요코하마)과",5
"1781","양보",5
"1782","없다""며",5
"1783","여건",5
"1784","여러번",5
"1785","여세",5
"1786","역삼",5
"1787","역전",5
"1788","연승에",5
"1789","연장",5
"1790","영향",5
"1791","오승범",5
"1792","완승",5
"1793","외국인",5
"1794","왼발",5
"1795","우리팀",5
"1796","우성용(포항",5
"1797","욱(.",5
"1798","움베르토",5
"1799","워드",5
"1800","위용",5
"1801","위험",5
"1802","유니버시아드",5
"1803","유럽축구선수권대회",5
"1804","유보",5
"1805","유비",5
"1806","유상철(울산)",5
"1807","유연",5
"1808","유연성",5
"1809","육성",5
"1810","윤정환",5
"1811","의외",5
"1812","이것",5
"1813","이동국(광주",5
"1814","이동국(광주)",5
"1815","이목",5
"1816","이션을",5
"1817","이야기",5
"1818","이운재(수원)가",5
"1819","이을용(안양)",5
"1820","이치하라)",5
"1821","인천문학경기장에서",5
"1822","일념",5
"1823","일전",5
"1824","일축",5
"1825","일환",5
"1826","있다""며",5
"1827","자극",5
"1828","자유",5
"1829","작년",5
"1830","장비",5
"1831","재능",5
"1832","재목",5
"1833","저항",5
"1834","적응훈련",5
"1835","전날",5
"1836","전열",5
"1837","전진",5
"1838","정력",5
"1839","정보",5
"1840","정식",5
"1841","제물",5
"1842","조병국(수원)이",5
"1843","조영증",5
"1844","조중연",5
"1845","존중",5
"1846","종합",5
"1847","주경기장",5
"1848","주중",5
"1849","준우승팀",5
"1850","중계",5
"1851","중국전에서",5
"1852","중위권",5
"1853","중책",5
"1854","즌은",5
"1855","증명",5
"1856","지단",5
"1857","지점",5
"1858","진두지휘",5
"1859","진지",5
"1860","차두리와",5
"1861","차전",5
"1862","찬사",5
"1863","천금",5
"1864","체면",5
"1865","총력",5
"1866","총체",5
"1867","최근",5
"1868","최성국(.",5
"1869","최성국(울산)은",5
"1870","최순호",5
"1871","최용수(.",5
"1872","최우수선수(MVP)",5
"1873","최진철(전북)이",5
"1874","최진철과",5
"1875","최초",5
"1876","최태욱(안양)이",5
"1877","추억",5
"1878","축구단",5
"1879","출범",5
"1880","출전선수",5
"1881","취소",5
"1882","커뮤니케이션",5
"1883","킥을",5
"1884","탄생",5
"1885","태도",5
"1886","테크닉",5
"1887","테헤란",5
"1888","토록",5
"1889","통합",5
"1890","투자",5
"1891","트레이드",5
"1892","트호벤과",5
"1893","파주NFC(대표팀트레이닝센터)에",5
"1894","파주NFC(대표팀트레이닝센터)에서",5
"1895","파죽",5
"1896","페이지",5
"1897","편성",5
"1898","평소",5
"1899","평정",5
"1900","포르투갈에",5
"1901","포백을",5
"1902","포워드",5
"1903","폭발",5
"1904","폭주",5
"1905","표현",5
"1906","플래카드",5
"1907","하반기",5
"1908","하위권",5
"1909","한.일전을",5
"1910","한국전",5
"1911","한일월드컵을",5
"1912","해설",5
"1913","해외진출",5
"1914","해이",5
"1915","해프닝",5
"1916","허심탄회",5
"1917","허전",5
"1918","현영민",5
"1919","호주",5
"1920","홍콩은",5
"1921","활동",5
"1922","후유증",5
"1923","훈련소",5
"1924","훈련장",5
"1925","휘슬",5
"1926","히딩크는",5
"1927","히딩크와",5
"1928",",",4
"1929","__",4
"1930","___",4
"1931","‘포르투갈",4
"1932","“그동안",4
"1933","“월드컵",4
"1934","“이번",4
"1935","”면서",4
"1936","=한국()=",4
"1937","▲FW=",4
"1938","▲저는",4
"1939","━━",4
"1940","┃운┃",4
"1941","°C를",4
"1942","A매치는",4
"1943","ID",4
"1944","kg",4
"1945","m짜리",4
"1946","TBS",4
"1947","가닥",4
"1948","가미",4
"1949","각인",4
"1950","감격",4
"1951","강연",4
"1952","강행군",4
"1953","개국",4
"1954","개성",4
"1955","개척",4
"1956","거기",4
"1957","걸프",4
"1958","것”이라며",4
"1959","겨냥",4
"1960","결승",4
"1961","결장할",4
"1962","겸비",4
"1963","경기종료",4
"1964","경신",4
"1965","경제사절단",4
"1966","고등학교",4
"1967","고향",4
"1968","곤욕",4
"1969","골사냥에",4
"1970","골지역",4
"1971","골차로",4
"1972","공격전술",4
"1973","공부",4
"1974","광양전용)",4
"1975","광주)과",4
"1976","교육",4
"1977","국인",4
"1978","국제축구연맹",4
"1979","궁지",4
"1980","귀추",4
"1981","귀화",4
"1982","그간",4
"1983","그들",4
"1984","그랜드",4
"1985","근처",4
"1986","급부상",4
"1987","급상승",4
"1988","기대주",4
"1989","기동력",4
"1990","기사",4
"1991","기적",4
"1992","기초",4
"1993","김남일(엑셀시오르)이",4
"1994","김남일을",4
"1995","김대의(성남)",4
"1996","김대의를",4
"1997","김도근(전남)",4
"1998","김도훈(.",4
"1999","김동진(안양)",4
"2000","김동진과",4
"2001","김두현을",4
"2002","김상식(광주)",4
"2003","김은중(대전)",4
"2004","깔끔",4
"2005","꺾다리",4
"2006","남자",4
"2007","내겠다""며",4
"2008","내한",4
"2009","내한하는",4
"2010","냉정",4
"2011","노련미",4
"2012","논란",4
"2013","농담",4
"2014","눈빛",4
"2015","다급",4
"2016","다운",4
"2017","다카하라",4
"2018","단서",4
"2019","달구",4
"2020","담금질",4
"2021","답변",4
"2022","대열",4
"2023","대통령",4
"2024","대패",4
"2025","대포알",4
"2026","덜미",4
"2027","도시",4
"2028","도우미",4
"2029","독일월드컵에서",4
"2030","동계훈련",4
"2031","동아시아축구선수권대회",4
"2032","동아시아컵에서",4
"2033","동원",4
"2034","동지",4
"2035","뒷받침",4
"2036","듀오",4
"2037","든든",4
"2038","라면",4
"2039","라운드는",4
"2040","레바논을",4
"2041","레바논전에서",4
"2042","레코바와",4
"2043","력과",4
"2044","로는",4
"2045","로도",4
"2046","로서",4
"2047","루이스",4
"2048","류가",4
"2049","리더십",4
"2050","마그노",4
"2051","마그노(전북",4
"2052","마그노를",4
"2053","막내",4
"2054","맏형",4
"2055","맞춘뒤",4
"2056","메달",4
"2057","메스",4
"2058","면밀",4
"2059","명령",4
"2060","명예회복",4
"2061","목적",4
"2062","몰디브에서",4
"2063","무기",4
"2064","무패",4
"2065","무한",4
"2066","뮌헨과",4
"2067","미드필더와",4
"2068","미드필더인",4
"2069","미스",4
"2070","민국",4
"2071","박수",4
"2072","박용호(안양)가",4
"2073","박종환",4
"2074","박주영은",4
"2075","박지성(에인트호벤)",4
"2076","반격",4
"2077","반면",4
"2078","반영",4
"2079","방패",4
"2080","방해",4
"2081","버그",4
"2082","베어벡",4
"2083","베트남보다",4
"2084","변수",4
"2085","보란치",4
"2086","복수",4
"2087","본인",4
"2088","부각",4
"2089","부동",4
"2090","부인",4
"2091","부천과",4
"2092","불가리아전",4
"2093","불가리아전을",4
"2094","불의",4
"2095","불패",4
"2096","브뤼노",4
"2097","브전",4
"2098","브팀과",4
"2099","비공개",4
"2100","비지땀",4
"2101","뿌리",4
"2102","사의",4
"2103","산토스는",4
"2104","삼각편대를",4
"2105","삼바",4
"2106","상기",4
"2107","상위권",4
"2108","상의",4
"2109","상정",4
"2110","서로",4
"2111","서울에",4
"2112","서정",4
"2113","서포터즈",4
"2114","석패",4
"2115","선취골",4
"2116","선화",4
"2117","성국",4
"2118","세네갈",4
"2119","세례",4
"2120","세밀",4
"2121","센스",4
"2122","소득",4
"2123","속도",4
"2124","손색",4
"2125","송종국(페예노르트)과",4
"2126","송종국(페예노르트)을",4
"2127","송종국(페예노르트)이",4
"2128","수렁",4
"2129","수재민",4
"2130","수준급",4
"2131","숙명",4
"2132","숙적",4
"2133","숙제",4
"2134","순항",4
"2135","스가",4
"2136","스와",4
"2137","스코어",4
"2138","스타트",4
"2139","승산",4
"2140","승자",4
"2141","시급",4
"2142","시대",4
"2143","시미즈",4
"2144","시안",4
"2145","신경",4
"2146","신구",4
"2147","신장",4
"2148","신중론",4
"2149","실질",4
"2150","실험",4
"2151","심산",4
"2152","심재원(부산)",4
"2153","심정",4
"2154","아르헨티나가",4
"2155","아시안컵예선에서",4
"2156","아크",4
"2157","아키",4
"2158","악마",4
"2159","악화",4
"2160","안목",4
"2161","야심",4
"2162","양상",4
"2163","어디",4
"2164","어린이",4
"2165","어색",4
"2166","얼마",4
"2167","업무",4
"2168","에",4
"2169","에다드에",4
"2170","에서",4
"2171","여행",4
"2172","역량",4
"2173","역설",4
"2174","연기",4
"2175","연락",4
"2176","연습장",4
"2177","염두",4
"2178","예봉",4
"2179","예약",4
"2180","오가사와라가",4
"2181","오대",4
"2182","옥석",4
"2183","완성도",4
"2184","외출",4
"2185","요시토(.",4
"2186","요시토(세레소",4
"2187","요인",4
"2188","요코하마에서",4
"2189","우루과이대표팀은",4
"2190","원톱을",4
"2191","원활",4
"2192","월등",4
"2193","위기",4
"2194","위해",4
"2195","유럽과",4
"2196","유럽무대",4
"2197","유력시",4
"2198","유로에서",4
"2199","유일",4
"2200","유치",4
"2201","으로서",4
"2202","으로서는",4
"2203","은퇴식",4
"2204","의문",4
"2205","의원",4
"2206","이나모토가",4
"2207","이동국(상무",4
"2208","이변",4
"2209","이영표(PSV에인트호벤)",4
"2210","이영표(PSV에인트호벤)와",4
"2211","이을용(트라브존스포르)이",4
"2212","이을용과",4
"2213","이익",4
"2214","이천수(울산)가",4
"2215","이탈리아와",4
"2216","인도",4
"2217","인선",4
"2218","인원",4
"2219","인의",4
"2220","인천공항으로",4
"2221","일(오후",4
"2222","일가견",4
"2223","일대",4
"2224","일본선수",4
"2225","입단",4
"2226","입문",4
"2227","있다”며",4
"2228","잉글랜드와",4
"2229","자기",4
"2230","자만심",4
"2231","작업",4
"2232","잔치",4
"2233","잘못",4
"2234","잠실",4
"2235","장관",4
"2236","장악하",4
"2237","재활",4
"2238","적수",4
"2239","적임자",4
"2240","전.현직",4
"2241","전기리그",4
"2242","전례",4
"2243","전면",4
"2244","전선",4
"2245","전성",4
"2246","전원",4
"2247","전쟁",4
"2248","전화",4
"2249","절반",4
"2250","점수",4
"2251","점유율",4
"2252","접촉",4
"2253","정오",4
"2254","정조국도",4
"2255","정조국을",4
"2256","제동",4
"2257","조사",4
"2258","조재진(수원)",4
"2259","조재진도",4
"2260","조전무는",4
"2261","졸업",4
"2262","주류",4
"2263","주름살",4
"2264","주제",4
"2265","중국은",4
"2266","중국이",4
"2267","중국전",4
"2268","중시",4
"2269","중이",4
"2270","지구",4
"2271","지장",4
"2272","지코감독",4
"2273","직접",4
"2274","직후",4
"2275","진주",4
"2276","진퇴",4
"2277","질책",4
"2278","차경복",4
"2279","차두리를",4
"2280","차예선에",4
"2281","참사",4
"2282","철벽",4
"2283","초래",4
"2284","총력전",4
"2285","최고조",4
"2286","최다골(골)",4
"2287","최대",4
"2288","최성용이",4
"2289","최용수┃",4
"2290","최우수선수",4
"2291","최원권(안양)",4
"2292","최윤겸",4
"2293","최철우",4
"2294","최태욱이",4
"2295","축구연맹",4
"2296","축구장",4
"2297","친선대회",4
"2298","커버",4
"2299","컨페더레이션스컵에서",4
"2300","컵경기장에서",4
"2301","코엘류감독이",4
"2302","코엘류를",4
"2303","코엘류식",4
"2304","코엘류에게",4
"2305","코엘류호에서",4
"2306","쿠보",4
"2307","크로아티아",4
"2308","크리스마스",4
"2309","타전",4
"2310","탄탄",4
"2311","탈환",4
"2312","태풍",4
"2313","테이프",4
"2314","템을",4
"2315","투어",4
"2316","투톱인",4
"2317","투표",4
"2318","트레이닝",4
"2319","트루시에",4
"2320","트리오",4
"2321","팀이",4
"2322","파라과이",4
"2323","파문",4
"2324","파상공세",4
"2325","파일",4
"2326","패스미스",4
"2327","페이스",4
"2328","포백",4
"2329","포백시스템이",4
"2330","포항",4
"2331","포항과",4
"2332","포항은",4
"2333","폭우",4
"2334","폭풍",4
"2335","풀타임",4
"2336","풀타임을",4
"2337","프랑스와",4
"2338","프랑스월드컵",4
"2339","피스컵코리아",4
"2340","픽축구",4
"2341","필두",4
"2342","필요하다”고",4
"2343","하의",4
"2344","하프",4
"2345","학교",4
"2346","한.일",4
"2347","한.일전은",4
"2348","한·일",4
"2349","한국()",4
"2350","한국땅을",4
"2351","한국으로서는",4
"2352","한다""며",4
"2353","한동안",4
"2354","한마디",4
"2355","합숙훈련",4
"2356","항의",4
"2357","행보",4
"2358","행운",4
"2359","행정가",4
"2360","헨티나",4
"2361","협력",4
"2362","호가",4
"2363","호의",4
"2364","활성화",4
"2365","회원",4
"2366","후기",4
"2367","후쿠니시",4
"2368","훈련방법",4
"2369","흐뭇",4
"2370","히딩크호",4
"2371","`네덜란드",3
"2372","`멕시코",3
"2373","`원톱'",3
"2374","`원톱'으로",3
"2375","`코엘류",3
"2376","`코엘류호'",3
"2377","‘속도축구’",3
"2378","‘속도축구’는",3
"2379","‘월드컵",3
"2380","‘총알탄",3
"2381","‘한국",3
"2382","’을",3
"2383","“내가",3
"2384","“대표팀이",3
"2385","“일",3
"2386","“일본",3
"2387","“일본은",3
"2388","“즐겁게",3
"2389","“한국은",3
"2390","”는",3
"2391","”움베르투",3
"2392","”이라고",3
"2393","〃상하이",3
"2394","▲DF=",3
"2395","▲GK=",3
"2396","▲MF=",3
"2397","┃라┃",3
"2398","┏━┫",3
"2399","┗━┫",3
"2400","AFP",3
"2401","A매치에서도",3
"2402","A매치인",3
"2403","co",3
"2404","com",3
"2405","FC",3
"2406","kr",3
"2407","LA",3
"2408","SBS스포츠)",3
"2409","SKY",3
"2410","가들은",3
"2411","가랑비",3
"2412","가입",3
"2413","각근력",3
"2414","간분에",3
"2415","감염",3
"2416","강변",3
"2417","강팀으로",3
"2418","강행",3
"2419","개발",3
"2420","개조",3
"2421","거미",3
"2422","거액",3
"2423","건강",3
"2424","게시판",3
"2425","게이트",3
"2426","겠다",3
"2427","겠다""고",3
"2428","겠다는",3
"2429","격전",3
"2430","격파",3
"2431","결산",3
"2432","결승전",3
"2433","결연",3
"2434","결장하는",3
"2435","결정력에",3
"2436","결정력은",3
"2437","경기흐름",3
"2438","경력",3
"2439","경위",3
"2440","경합",3
"2441","계보",3
"2442","계획하",3
"2443","고배",3
"2444","고위관계자",3
"2445","고질병",3
"2446","고참",3
"2447","곤란",3
"2448","곤즈를",3
"2449","곤즈와",3
"2450","골)을",3
"2451","골가뭄에",3
"2452","골가뭄을",3
"2453","골대를",3
"2454","골든",3
"2455","골잡이가",3
"2456","골절",3
"2457","골지역으로",3
"2458","골차",3
"2459","공교",3
"2460","공동",3
"2461","공방전",3
"2462","공산",3
"2463","공수를",3
"2464","공약",3
"2465","공언",3
"2466","공중볼",3
"2467","공청",3
"2468","관광부",3
"2469","관련기사",3
"2470","관심사",3
"2471","광양에서",3
"2472","교체멤버",3
"2473","교환",3
"2474","교훈",3
"2475","구가",3
"2476","구상’을",3
"2477","구스투",3
"2478","구애",3
"2479","국(안양)",3
"2480","국가대항",3
"2481","국내외",3
"2482","국내프로축구",3
"2483","국제경기",3
"2484","군화",3
"2485","궁합",3
"2486","권집(수원)",3
"2487","귀중",3
"2488","그늘",3
"2489","그때",3
"2490","그룹",3
"2491","그림",3
"2492","근거",3
"2493","근육",3
"2494","급선무",3
"2495","급성장",3
"2496","기능",3
"2497","기색",3
"2498","기선",3
"2499","기술고문",3
"2500","기약",3
"2501","기준",3
"2502","김남일(엑셀시오르)을",3
"2503","김대의(성남)와",3
"2504","김대의(수원)",3
"2505","김도근(전남)이",3
"2506","김도훈에게",3
"2507","김동현(오이타)",3
"2508","김사랑",3
"2509","김상식",3
"2510","김성수",3
"2511","김영광(전남)도",3
"2512","김영근(대전)",3
"2513","김은중(대전)이",3
"2514","김은중과",3
"2515","김정우(울산)와",3
"2516","김태영이",3
"2517","김학범",3
"2518","꽂아넣어",3
"2519","꿰차고",3
"2520","꿰찬다는",3
"2521","나카무라",3
"2522","낙마",3
"2523","남과",3
"2524","남아프리카공화국",3
"2525","네덜란드에",3
"2526","네올림픽",3
"2527","년차인",3
"2528","노련",3
"2529","노마크",3
"2530","노무",3
"2531","노흥섭",3
"2532","뇌리",3
"2533","눈높이",3
"2534","뉴스",3
"2535","느긋",3
"2536","느슨",3
"2537","다”며",3
"2538","다독",3
"2539","다득점에서",3
"2540","다면",3
"2541","다시한번",3
"2542","다음날",3
"2543","다지기",3
"2544","단독",3
"2545","달라”고",3
"2546","당사자",3
"2547","당연",3
"2548","당일",3
"2549","당해",3
"2550","당황",3
"2551","대기록",3
"2552","대사",3
"2553","대상자",3
"2554","대응",3
"2555","대인",3
"2556","대인방어",3
"2557","대장정",3
"2558","대조",3
"2559","대타",3
"2560","대행",3
"2561","대활약",3
"2562","덕분",3
"2563","데니스",3
"2564","도(.",3
"2565","도가니",3
"2566","도달",3
"2567","도쿄로",3
"2568","독기",3
"2569","독일로",3
"2570","독일에",3
"2571","독일월드컵에",3
"2572","독일월드컵축구대회",3
"2573","독주체제",3
"2574","돌파구",3
"2575","동경",3
"2576","동률",3
"2577","동아",3
"2578","동아시아선수권",3
"2579","동아시아축구선수권",3
"2580","드래곤즈와",3
"2581","드림",3
"2582","따뜻",3
"2583","뚜렷",3
"2584","뚝심",3
"2585","라이커가",3
"2586","레바논전",3
"2587","레바논전에",3
"2588","레이스",3
"2589","레코바",3
"2590","레코바(인터",3
"2591","려는",3
"2592","력도",3
"2593","로",3
"2594","로만",3
"2595","리더",3
"2596","리듬",3
"2597","리아와",3
"2598","릴레이",3
"2599","마드리드)",3
"2600","마라도나",3
"2601","마라도나’",3
"2602","마리",3
"2603","마리노스)",3
"2604","마리노스와",3
"2605","마스크",3
"2606","막바지",3
"2607","막중",3
"2608","만끽",3
"2609","만체프에게",3
"2610","말레이시아와",3
"2611","말하기",3
"2612","맞수",3
"2613","맨땅",3
"2614","메이저리그",3
"2615","멕시코월드컵",3
"2616","명(취재",3
"2617","명실상부",3
"2618","명암",3
"2619","모리사키",3
"2620","모았다”고",3
"2621","모양",3
"2622","모토",3
"2623","목격",3
"2624","몰디브는",3
"2625","무득점",3
"2626","무를",3
"2627","무언가",3
"2628","무원칙",3
"2629","무의미",3
"2630","무패를",3
"2631","문구",3
"2632","문전",3
"2633","문화예술계",3
"2634","뭔가",3
"2635","미국",3
"2636","미소",3
"2637","미숙",3
"2638","미지수",3
"2639","밀착수비",3
"2640","박영수",3
"2641","박요셉",3
"2642","박요셉을",3
"2643","박지성(아인트호벤)",3
"2644","박진섭과",3
"2645","반박",3
"2646","반성",3
"2647","반응",3
"2648","발견",3
"2649","발군",3
"2650","발길",3
"2651","발리슛으로",3
"2652","발생",3
"2653","발송",3
"2654","방송인",3
"2655","방콕아시안게임",3
"2656","배려",3
"2657","배석",3
"2658","배우",3
"2659","배출",3
"2660","베트남을",3
"2661","변동",3
"2662","보고서",3
"2663","보답",3
"2664","보람",3
"2665","복병",3
"2666","복수극",3
"2667","본부석",3
"2668","볼거리",3
"2669","볼뺏기",3
"2670","봉쇄",3
"2671","부산아시아드경기장에서",3
"2672","부회장",3
"2673","분분",3
"2674","분야",3
"2675","분주",3
"2676","분통",3
"2677","분풀이",3
"2678","불가리아가",3
"2679","불가리아에",3
"2680","불가리아전이",3
"2681","불가리아축구대표팀",3
"2682","불리",3
"2683","불신",3
"2684","붉은악마는",3
"2685","브라질리그",3
"2686","비등",3
"2687","비책",3
"2688","비행기",3
"2689","빅리그",3
"2690","빈약",3
"2691","빗장",3
"2692","사건",3
"2693","사나이’",3
"2694","사람들",3
"2695","사랑",3
"2696","사비올라에",3
"2697","사슬",3
"2698","사양",3
"2699","사이타마스타디움에서",3
"2700","사전",3
"2701","사회",3
"2702","산토스를",3
"2703","상암월드컵경기장",3
"2704","상암월드컵경기장에서",3
"2705","새얼굴",3
"2706","새해",3
"2707","생중계",3
"2708","서늘",3
"2709","서막",3
"2710","서울시",3
"2711","서울시청",3
"2712","서울에는",3
"2713","서울월드컵경기장에",3
"2714","서포터들간",3
"2715","서포터들과",3
"2716","선두권",3
"2717","선봉장",3
"2718","선전",3
"2719","선점",3
"2720","선진",3
"2721","설욕전",3
"2722","설치",3
"2723","섭취량",3
"2724","성급",3
"2725","성남일화",3
"2726","성원",3
"2727","세계랭킹",3
"2728","세계청소년선수권",3
"2729","센다이",3
"2730","소개",3
"2731","소나기",3
"2732","소시에다드)는",3
"2733","소시에다드)와",3
"2734","소신",3
"2735","소진",3
"2736","송종국(페예노르트)은",3
"2737","송종국이",3
"2738","쇼크’를",3
"2739","수락",3
"2740","수립",3
"2741","수문장",3
"2742","수비불안",3
"2743","수세",3
"2744","수위",3
"2745","수집",3
"2746","수훈",3
"2747","순발력",3
"2748","순위로",3
"2749","순차",3
"2750","숨통",3
"2751","숫자",3
"2752","스리가에",3
"2753","스콜라리",3
"2754","스틸러스)",3
"2755","스페인에",3
"2756","스포츠협회",3
"2757","시동",3
"2758","시미즈)",3
"2759","시범",3
"2760","시설",3
"2761","시위",3
"2762","시차적응",3
"2763","시청",3
"2764","시카와",3
"2765","시티즌)",3
"2766","시티즌을",3
"2767","시하",3
"2768","시험가동",3
"2769","신생팀",3
"2770","신예",3
"2771","신호탄",3
"2772","실감",3
"2773","심혈",3
"2774","쏘아올린",3
"2775","아내",3
"2776","아브레우에게",3
"2777","아성",3
"2778","아스날",3
"2779","아시아선수권",3
"2780","아시아에",3
"2781","아시아예선",3
"2782","아시아청소년대회",3
"2783","아시아축구연맹",3
"2784","아시안컵대회",3
"2785","아시안컵축구",3
"2786","아이콘스와",3
"2787","아저씨",3
"2788","아축구연맹(AFC)",3
"2789","아킬레스건",3
"2790","악재",3
"2791","악착",3
"2792","안면",3
"2793","안양LG",3
"2794","안정환(.",3
"2795","안정환(골)",3
"2796","안정환(시미즈)과",3
"2797","알프레드",3
"2798","암초",3
"2799","압력",3
"2800","압축",3
"2801","애틀랜타올림픽",3
"2802","양해",3
"2803","어느정도",3
"2804","어떤가",3
"2805","업체",3
"2806","없다’는",3
"2807","없다”고",3
"2808","없다”며",3
"2809","엉덩이",3
"2810","에어리어",3
"2811","에인트호벤)가",3
"2812","에인트호벤)과",3
"2813","에인트호벤)는",3
"2814","엑셀시오르에서",3
"2815","엘류호",3
"2816","역사상",3
"2817","역점",3
"2818","연구",3
"2819","연봉",3
"2820","연패를",3
"2821","연패에",3
"2822","연패하는",3
"2823","연합",3
"2824","연호",3
"2825","열도",3
"2826","열쇠",3
"2827","예리",3
"2828","예술",3
"2829","예측",3
"2830","오가사와라를",3
"2831","오가사와라와",3
"2832","오쿠보가",3
"2833","오쿠보를",3
"2834","오후시분)",3
"2835","왕정현(이상",3
"2836","왼발슛",3
"2837","요원",3
"2838","요코하마를",3
"2839","우라와",3
"2840","우루과이전에",3
"2841","우루과이전을",3
"2842","우선",3
"2843","우천으로",3
"2844","욱과",3
"2845","운동장",3
"2846","운명",3
"2847","운영방안",3
"2848","울산)가",3
"2849","울산)이",3
"2850","울산과",3
"2851","울산방송)",3
"2852","울산에",3
"2853","울산이",3
"2854","원톱에는",3
"2855","원톱이",3
"2856","위로",3
"2857","유럽팀",3
"2858","유상철(.",3
"2859","유상철(울산)도",3
"2860","유상철(울산)이",3
"2861","유세차량",3
"2862","유소년리그를",3
"2863","유이치로에게",3
"2864","윤덕여호",3
"2865","윤상철(LG)이",3
"2866","으나",3
"2867","으면",3
"2868","의미심장",3
"2869","의사소통",3
"2870","의심",3
"2871","의중",3
"2872","이동국(이상",3
"2873","이따마르가",3
"2874","이란을",3
"2875","이사",3
"2876","이시카와",3
"2877","이영표를",3
"2878","이외",3
"2879","이운재(수원)는",3
"2880","이운재가",3
"2881","이을용(서울)",3
"2882","이을용은",3
"2883","이점",3
"2884","이천수(울산)와",3
"2885","이천수(이상",3
"2886","이태",3
"2887","이하(U)",3
"2888","인물들",3
"2889","인방인",3
"2890","인연",3
"2891","인천",3
"2892","일(이하",3
"2893","일반",3
"2894","일본()",3
"2895","일본축구협회를",3
"2896","일본파",3
"2897","일본프로축구(J리그)가",3
"2898","일월드컵",3
"2899","일자",3
"2900","임성훈",3
"2901","입지",3
"2902","자국",3
"2903","자동",3
"2904","자만",3
"2905","자물쇠",3
"2906","자택",3
"2907","작렬하며",3
"2908","잔디",3
"2909","잘못된",3
"2910","잠재력",3
"2911","재가",3
"2912","재건",3
"2913","적용",3
"2914","전락",3
"2915","전법",3
"2916","전부",3
"2917","전후",3
"2918","절실",3
"2919","점프력",3
"2920","접전",3
"2921","정경호(울산)",3
"2922","정예",3
"2923","정착",3
"2924","정치",3
"2925","제",3
"2926","제안",3
"2927","제작",3
"2928","제패",3
"2929","조금씩",3
"2930","조리그",3
"2931","조민국",3
"2932","조병국(.",3
"2933","조병국(이상",3
"2934","조선",3
"2935","조성환(수원)과",3
"2936","조심",3
"2937","조재진에게",3
"2938","조직위",3
"2939","조치",3
"2940","좌측",3
"2941","주관",3
"2942","주위",3
"2943","주전멤버",3
"2944","주필러리그",3
"2945","준우승",3
"2946","중국에",3
"2947","중국으로",3
"2948","중동",3
"2949","중동세와",3
"2950","즌들",3
"2951","즌들은",3
"2952","즌이",3
"2953","지구력",3
"2954","지난",3
"2955","지난날",3
"2956","지능",3
"2957","지배하",3
"2958","지역예선",3
"2959","지지",3
"2960","지코가",3
"2961","지코로",3
"2962","직책",3
"2963","진로",3
"2964","진면목",3
"2965","진심",3
"2966","질의",3
"2967","질타",3
"2968","집계",3
"2969","차두리(빌레펠트)를",3
"2970","차두리(빌레펠트)와",3
"2971","차두리(프랑크푸르트)가",3
"2972","차두리(프랑크푸르트)를",3
"2973","차별화",3
"2974","차인표",3
"2975","찬성",3
"2976","찰떡궁합을",3
"2977","창의성",3
"2978","채비",3
"2979","채택",3
"2980","책임론",3
"2981","처럼",3
"2982","처사",3
"2983","천군만마",3
"2984","천명",3
"2985","첫골",3
"2986","초대",3
"2987","초청",3
"2988","초특급",3
"2989","촉박",3
"2990","총사",3
"2991","총출동한다",3
"2992","최성국(울산",3
"2993","최성국(울산)을",3
"2994","최씨는",3
"2995","최악",3
"2996","최약체나",3
"2997","최용수(이치하라)를",3
"2998","최용수(이치하라)와",3
"2999","최용수(제프",3
"3000","최원권(안양)이",3
"3001","최원권(이상",3
"3002","최원권은",3
"3003","최진철(전북)은",3
"3004","최진철(전북)을",3
"3005","최진철이",3
"3006","최철우(부천)",3
"3007","최철우가",3
"3008","최태욱(안양",3
"3009","최태욱(안양)과",3
"3010","최태욱(이상",3
"3011","최태욱도",3
"3012","최하위",3
"3013","추락",3
"3014","추월",3
"3015","추천",3
"3016","축구(J리그)",3
"3017","축구선수",3
"3018","축구스타",3
"3019","축구화끈을",3
"3020","축제",3
"3021","축협",3
"3022","축협이",3
"3023","출범이후",3
"3024","출전여부",3
"3025","취임",3
"3026","취재",3
"3027","취재경쟁",3
"3028","측정",3
"3029","치명",3
"3030","카를로스",3
"3031","카타르",3
"3032","칼날",3
"3033","칼스",3
"3034","컬러",3
"3035","케이스",3
"3036","코르도바(인터",3
"3037","코엘류도",3
"3038","코칭스태프가",3
"3039","코트",3
"3040","콘스는",3
"3041","콘스를",3
"3042","콜롬비아를",3
"3043","콜롬비아에",3
"3044","콜롬비아전과",3
"3045","콜롬비아전은",3
"3046","콧대",3
"3047","쾌적",3
"3048","쿠웨이트",3
"3049","킥오프되는",3
"3050","타임",3
"3051","태국과",3
"3052","태클",3
"3053","터닝슛",3
"3054","토끼",3
"3055","톱니바퀴",3
"3056","통상",3
"3057","퇴진",3
"3058","투갈",3
"3059","트로피",3
"3060","트를",3
"3061","특성",3
"3062","팀트레이닝센터(NFC)에서",3
"3063","파견",3
"3064","파란",3
"3065","파주에서",3
"3066","패째(승무)를",3
"3067","퍼플",3
"3068","포를란(맨체스터",3
"3069","포백라인을",3
"3070","포백시스템",3
"3071","포백시스템은",3
"3072","포항)",3
"3073","포항에서는",3
"3074","포항종합운동장",3
"3075","폭죽",3
"3076","표명",3
"3077","푸른색",3
"3078","풀가동",3
"3079","풀이",3
"3080","프랑스는",3
"3081","프레스센터",3
"3082","프로리그",3
"3083","피구(레알",3
"3084","피지컬",3
"3085","피해",3
"3086","픽대표팀에서",3
"3087","하늘",3
"3088","하비에르",3
"3089","하소연",3
"3090","하프타임",3
"3091","학업",3
"3092","학창시절",3
"3093","한·일전을",3
"3094","한국(위)에",3
"3095","한국민",3
"3096","한국보다",3
"3097","한국어",3
"3098","한국으로",3
"3099","한국청소년축구대표팀이",3
"3100","한국판",3
"3101","한박자",3
"3102","한상구",3
"3103","한상구는",3
"3104","한솥밥",3
"3105","한숨",3
"3106","한일월드컵에서는",3
"3107","한자리",3
"3108","한정",3
"3109","한지",3
"3110","한풀",3
"3111","합작",3
"3112","해당",3
"3113","해명",3
"3114","해지",3
"3115","해협",3
"3116","했다”고",3
"3117","행동",3
"3118","허리부상",3
"3119","허벅지",3
"3120","헤어스타일",3
"3121","호골로",3
"3122","호화군단",3
"3123","홍명보(LA",3
"3124","홍콩이",3
"3125","화답",3
"3126","환(시미즈)",3
"3127","환경",3
"3128","환상",3
"3129","환영",3
"3130","환호",3
"3131","환희",3
"3132","획득",3
"3133","후계자",3
"3134","후보명단",3
"3135","흡족",3
"3136","희생양",3
"3137","히로시마아시안게임",3
"3138","(_",2
"3139","(도움)로",2
"3140","(득점)로",2
"3141","(무패)에",2
"3142","(상의)데님",2
"3143","(주)나이키스포츠는",2
"3144",",라운드",2
"3145","`극일(克日)",2
"3146","`도쿄대첩",2
"3147","`도쿄대첩'을",2
"3148","`몰디브",2
"3149","`일본킬러'",2
"3150","`제",2
"3151","`지코",2
"3152","`코엘류호'가",2
"3153","`트루시에",2
"3154","`트리플",2
"3155","`포르투갈",2
"3156","`한.일",2
"3157","‘A",2
"3158","‘거미손’",2
"3159","‘경계대상",2
"3160","‘리틀",2
"3161","‘붉은",2
"3162","‘속도축구’가",2
"3163","‘속도축구’를",2
"3164","‘오만쇼크’",2
"3165","‘일본",2
"3166","‘진공청소기’",2
"3167","‘코엘류호’",2
"3168","‘코엘류호’에",2
"3169","‘크리스마스",2
"3170","‘폭격기’",2
"3171","“감독",2
"3172","“그러나",2
"3173","“다른",2
"3174","“대표팀",2
"3175","“대표팀을",2
"3176","“반드시",2
"3177","“상대팀을",2
"3178","“선수",2
"3179","“아시아",2
"3180","“앞으로",2
"3181","“올해",2
"3182","“일부터",2
"3183","“조직력과",2
"3184","“좋은",2
"3185","“포르투갈",2
"3186","“한국축구에",2
"3187","“해외파가",2
"3188","”라며",2
"3189","”이라며",2
"3190","=일본()=",2
"3191","▦후안",2
"3192","△DF=",2
"3193","△FW=",2
"3194","△GK=",2
"3195","△MF=",2
"3196","▲골키퍼=",2
"3197","▲공격수=",2
"3198","▲내가",2
"3199","▲미드필더",2
"3200","▲미드필더=",2
"3201","▲베트남",2
"3202","▲성국이는",2
"3203","▲수비수=",2
"3204","▲시간이",2
"3205","▲우루과이",2
"3206","▲우선",2
"3207","▲일본",2
"3208","▲잠재력이",2
"3209","▲전술적",2
"3210","▲전체",2
"3211","▲측면",2
"3212","▲포르투갈",2
"3213","▲필드플레이어",2
"3214","▲한국",2
"3215","◇다음은",2
"3216","◇일",2
"3217","◇한국대표팀",2
"3218","●독일월드컵",2
"3219","┃나┃",2
"3220","┃자┃",2
"3221","┃키┃",2
"3222","♩...",2
"3223","A매치가",2
"3224","A매치다",2
"3225","A매치데이가",2
"3226","A매치데이라서",2
"3227","A매치데이여서",2
"3228","A매치와",2
"3229","g에서",2
"3230","g으로",2
"3231","J리거",2
"3232","J리거'",2
"3233","J빌리지에서",2
"3234","KBS)",2
"3235","KBSTV",2
"3236","km를",2
"3237","m를",2
"3238","Now",2
"3239","OK",2
"3240","Peace",2
"3241","PSV에인트호벤)이",2
"3242","SIC",2
"3243","socceru.",2
"3244","ST",2
"3245","Year",2
"3246","가공",2
"3247","가구",2
"3248","가도",2
"3249","가속도",2
"3250","가시",2
"3251","가열",2
"3252","가와부치",2
"3253","가즈유키가",2
"3254","각광",2
"3255","간과",2
"3256","간이",2
"3257","간편",2
"3258","감독()은",2
"3259","감독하",2
"3260","감소",2
"3261","감수",2
"3262","감치",2
"3263","갑작",2
"3264","강’",2
"3265","강남",2
"3266","강사",2
"3267","강용(포항)",2
"3268","강점",2
"3269","강팀에",2
"3270","같은날",2
"3271","개개인",2
"3272","개국대회에서",2
"3273","개별",2
"3274","개선방안",2
"3275","개선점",2
"3276","개편",2
"3277","거스",2
"3278","거예요",2
"3279","거처",2
"3280","거행",2
"3281","건의",2
"3282","걸림돌",2
"3283","검사결과",2
"3284","검증",2
"3285","것이다”고",2
"3286","게르트",2
"3287","게이타(.",2
"3288","격침시키는",2
"3289","결국",2
"3290","결성",2
"3291","결실",2
"3292","결심",2
"3293","결합",2
"3294","결혼",2
"3295","겸허",2
"3296","경기(_",2
"3297","경기결과",2
"3298","경기내용면",2
"3299","경기시간",2
"3300","경기운영",2
"3301","경기초반",2
"3302","경미",2
"3303","경실련",2
"3304","경악",2
"3305","경쟁심",2
"3306","경쟁자",2
"3307","경험담",2
"3308","계의",2
"3309","계획도",2
"3310","고국",2
"3311","고도",2
"3312","고디뉴",2
"3313","고리",2
"3314","고마움",2
"3315","고비",2
"3316","고생",2
"3317","고원",2
"3318","고종수는",2
"3319","고통",2
"3320","곤호가",2
"3321","골)",2
"3322","골)로",2
"3323","골)를",2
"3324","골넣는",2
"3325","골도",2
"3326","골도움으로",2
"3327","골마무리",2
"3328","골에",2
"3329","골잡이'",2
"3330","골잡이는",2
"3331","골잡이들",2
"3332","골잡이로",2
"3333","골지역까지",2
"3334","골지역에서",2
"3335","골찬스",2
"3336","골포스트",2
"3337","골폭풍을",2
"3338","골프",2
"3339","공감",2
"3340","공동대표",2
"3341","공동위를",2
"3342","공수",2
"3343","공수에",2
"3344","공수전환",2
"3345","공수조율은",2
"3346","공식기자회견",2
"3347","공한증(恐韓症)을",2
"3348","과이에",2
"3349","과이전에서",2
"3350","곽희주(수원)",2
"3351","관여",2
"3352","관할",2
"3353","광주방송)",2
"3354","광주월드컵.",2
"3355","광주전북(시.",2
"3356","교착상태",2
"3357","교통혼잡",2
"3358","구도",2
"3359","구로",2
"3360","구로베(교토)와",2
"3361","구로베·구보",2
"3362","구보(요코하마)가",2
"3363","구분",2
"3364","구스토는",2
"3365","국(울산",2
"3366","국가대표트레이닝센터(NFC)를",2
"3367","국면",2
"3368","국영방송",2
"3369","국제대회",2
"3370","군단",2
"3371","군사교육",2
"3372","군인정신",2
"3373","권오손",2
"3374","권위",2
"3375","권위자",2
"3376","궤도",2
"3377","귀재",2
"3378","그라우(이와타)와",2
"3379","극도",2
"3380","극명",2
"3381","극일",2
"3382","극일(克日)",2
"3383","근소",2
"3384","급속도",2
"3385","기구",2
"3386","기근",2
"3387","기념식",2
"3388","기능성",2
"3389","기도",2
"3390","기둥",2
"3391","기만",2
"3392","기술면",2
"3393","기자간담회",2
"3394","기점",2
"3395","기후",2
"3396","김광석",2
"3397","김남일(엑셀시오르)은",2
"3398","김남일(전남)과",2
"3399","김남일(전남)이",2
"3400","김남일도",2
"3401","김대의",2
"3402","김대의(성남",2
"3403","김대의가",2
"3404","김대의도",2
"3405","김도근(이상",2
"3406","김도훈(골)",2
"3407","김도훈김대의가",2
"3408","김도훈을
봤다",2
"3409","김동진(안양)을",2
"3410","김동현(수원)",2
"3411","김동현(오이타)은",2
"3412","김두현(.",2
"3413","김두현(수원",2
"3414","김두현(수원)과",2
"3415","김두현(수원)은",2
"3416","김병지가",2
"3417","김병지를",2
"3418","김상식(상무)",2
"3419","김상식(이상",2
"3420","김석우",2
"3421","김영광(전남)을",2
"3422","김영광은",2
"3423","김은중(대전",2
"3424","김은중을",2
"3425","김은중이",2
"3426","김정겸",2
"3427","김정우(울산)",2
"3428","김종현",2
"3429","김진규(전남)",2
"3430","김진규(전남)와",2
"3431","김태민(부산)",2
"3432","김태영(전남)이",2
"3433","김태영.",2
"3434","김태영유상철최진철로",2
"3435","김태영은",2
"3436","김태영을",2
"3437","김해공항을",2
"3438","김현석",2
"3439","김현석은",2
"3440","까지인",2
"3441","꺽다리",2
"3442","꾀돌이",2
"3443","끝모를",2
"3444","나가이(우라와)를",2
"3445","나가이경기장에서",2
"3446","나가이에게",2
"3447","나비스코컵",2
"3448","나열",2
"3449","나오히로(FC도쿄)도",2
"3450","나이지리아",2
"3451","나카야마는",2
"3452","나카야마를",2
"3453","나카야마와",2
"3454","나카타'를",2
"3455","나흘간",2
"3456","난사",2
"3457","난제",2
"3458","남궁도(.",2
"3459","남미축구",2
"3460","남발",2
"3461","남북",2
"3462","남아공",2
"3463","남아있긴",2
"3464","남편",2
"3465","납득",2
"3466","낭보",2
"3467","낭패",2
"3468","내로라하는",2
"3469","내부경쟁",2
"3470","내실",2
"3471","내일",2
"3472","냉담",2
"3473","냉혹",2
"3474","냐”며",2
"3475","냐는",2
"3476","너스티컵",2
"3477","너스티컵(패)",2
"3478","네덜란드리그",2
"3479","네덜란드와",2
"3480","네이버",2
"3481","네이션",2
"3482","년(대전전)에",2
"3483","년(안양전)과",2
"3484","년개월만에",2
"3485","년대표팀",2
"3486","노릇",2
"3487","노선",2
"3488","노하우",2
"3489","농락",2
"3490","높이기위해",2
"3491","눈총",2
"3492","뉴질랜드",2
"3493","느냐""며",2
"3494","닛폰'",2
"3495","닛폰라디오",2
"3496","다""는",2
"3497","다’는",2
"3498","다”면서",2
"3499","다가",2
"3500","다롄에서",2
"3501","다양화",2
"3502","다이스케(교토)를",2
"3503","단기간",2
"3504","단비",2
"3505","단신",2
"3506","단신(cm)",2
"3507","단조",2
"3508","달라붙어",2
"3509","담금질할",2
"3510","담금질했다",2
"3511","담담",2
"3512","닷새",2
"3513","당위성",2
"3514","대교",2
"3515","대구울산(시.",2
"3516","대구전북(대구월드컵.",2
"3517","대동",2
"3518","대비책",2
"3519","대세",2
"3520","대수",2
"3521","대전부산(시.",2
"3522","대전수원(대전월드컵.",2
"3523","대진",2
"3524","대표팀감독",2
"3525","대표팀트레이닝센터(NFC)에",2
"3526","대학생",2
"3527","대학팀",2
"3528","대항전",2
"3529","대회전",2
"3530","더비",2
"3531","더위",2
"3532","덕장",2
"3533","도도(울산",2
"3534","도도(울산)",2
"3535","도도(울산.",2
"3536","도도발라웅루시우",2
"3537","도마위",2
"3538","도입",2
"3539","도쿄정벌이다.",2
"3540","독불장군식",2
"3541","독선",2
"3542","독일",2
"3543","독일에서",2
"3544","독주가",2
"3545","돌진",2
"3546","동갑",2
"3547","동남아시아",2
"3548","동시다발",2
"3549","동아시아연맹컵",2
"3550","동아시아연맹컵에서",2
"3551","동아시아연맹컵을",2
"3552","동아시아축구대회",2
"3553","동아시아축구대회를",2
"3554","동아시아축구선수권대회에",2
"3555","동아시아축구선수권에",2
"3556","동아시아컵에",2
"3557","동아시안컵대회에",2
"3558","동요",2
"3559","동원컵",2
"3560","동참",2
"3561","되짚어보고",2
"3562","된다”며",2
"3563","두선수",2
"3564","두자릿수",2
"3565","드누에",2
"3566","드래곤즈)",2
"3567","드컵",2
"3568","득세",2
"3569","들었다”고",2
"3570","듬직",2
"3571","등판",2
"3572","등한시",2
"3573","디브전",2
"3574","디자이너",2
"3575","디자인",2
"3576","디자인과",2
"3577","딴지사커",2
"3578","뚜껑",2
"3579","뚜따는",2
"3580","뚜따와",2
"3581","라이커다",2
"3582","라커룸에서",2
"3583","라틴계",2
"3584","랜드",2
"3585","러브",2
"3586","러시아",2
"3587","러운",2
"3588","레바논(이상",2
"3589","레바논까지",2
"3590","레바논전서",2
"3591","레바논전을",2
"3592","레바논전이",2
"3593","레알",2
"3594","레알마드리드",2
"3595","레이솔",2
"3596","레즈)가",2
"3597","레코바도",2
"3598","렘을",2
"3599","력에는",2
"3600","로테이션(순환)",2
"3601","론도",2
"3602","롭게",2
"3603","롱패스를",2
"3604","루사통신과",2
"3605","루스",2
"3606","류에게",2
"3607","르대회에서도",2
"3608","르투갈",2
"3609","름이",2
"3610","리아를",2
"3611","리아에",2
"3612","리아전에",2
"3613","리우올스타팀",2
"3614","리우올스타팀은",2
"3615","리타임",2
"3616","마그노(전북)",2
"3617","마그노(전북.",2
"3618","마그노가",2
"3619","마노",2
"3620","마다",2
"3621","마라톤",2
"3622","마리노스",2
"3623","마리노스(〃",2
"3624","마리노스)과",2
"3625","마리노스)이",2
"3626","마사시(이와타)",2
"3627","마쓰이는",2
"3628","마에조노",2
"3629","마케팅",2
"3630","마크로",2
"3631","만능",2
"3632","만리",2
"3633","만여",2
"3634","만원",2
"3635","만체프는",2
"3636","말끔",2
"3637","말레국립경기장에서",2
"3638","말레이시아에서",2
"3639","말레이시아전을",2
"3640","맞냐'며",2
"3641","맞불",2
"3642","맞장구",2
"3643","매니저",2
"3644","매력",2
"3645","맨체스터",2
"3646","맹훈련",2
"3647","머리속",2
"3648","먹구름",2
"3649","먹혀들지",2
"3650","메이킹",2
"3651","메추와",2
"3652","메카",2
"3653","멕시코",2
"3654","며칠",2
"3655","면담",2
"3656","명·사진",2
"3657","명단(명)에",2
"3658","명색",2
"3659","명을파주국가대표팀트레이닝센터(NFC)에",2
"3660","명확",2
"3661","모델",2
"3662","모하메드",2
"3663","목깃을",2
"3664","목전",2
"3665","목포에서",2
"3666","몰디브로",2
"3667","몰디브전에서",2
"3668","몰수",2
"3669","몰아넣는",2
"3670","몰아넣었다",2
"3671","묘진(가시와)",2
"3672","무",2
"3673","무가",2
"3674","무기력",2
"3675","무능력",2
"3676","무력",2
"3677","무력시위",2
"3678","무스카트에서",2
"3679","무위",2
"3680","무패에",2
"3681","문양",2
"3682","문제없다""며",2
"3683","물결",2
"3684","미국에서",2
"3685","미국월드컵",2
"3686","미국으로",2
"3687","미드필더까지",2
"3688","미드필더들이",2
"3689","미드필더진과",2
"3690","미드필더진에서",2
"3691","미디어",2
"3692","미비",2
"3693","미셀",2
"3694","미스코리아",2
"3695","미쓰오(가시마)는",2
"3696","미야코",2
"3697","미치진",2
"3698","미터",2
"3699","미하엘",2
"3700","민용식",2
"3701","민족",2
"3702","민첩",2
"3703","밍을",2
"3704","밑거름",2
"3705","밑그림",2
"3706","박규선(전북)",2
"3707","박동혁(전북)과",2
"3708","박빙",2
"3709","박사학위",2
"3710","박성배와",2
"3711","박수갈채",2
"3712","박요셉(서울)",2
"3713","박요셉(이상",2
"3714","박용호(이상",2
"3715","박일",2
"3716","박재홍",2
"3717","박재홍(전북)이",2
"3718","박재홍이",2
"3719","박주성(이상",2
"3720","박지성()과",2
"3721","박지성(아인트호벤)은",2
"3722","박진섭",2
"3723","박차",2
"3724","박충균(성남)이",2
"3725","반란",2
"3726","반지",2
"3727","발걸음",2
"3728","발동",2
"3729","발라웅으로",2
"3730","발리슛은",2
"3731","발리슛이",2
"3732","발산",2
"3733","발상",2
"3734","발재간과",2
"3735","발재간으로",2
"3736","발재간이",2
"3737","밤잠",2
"3738","방사",2
"3739","방아찧기",2
"3740","방학기간",2
"3741","방한",2
"3742","배문수",2
"3743","배양",2
"3744","백’을",2
"3745","백마",2
"3746","백업",2
"3747","버스",2
"3748","번호",2
"3749","범위",2
"3750","베베투는",2
"3751","베컴이",2
"3752","베트남.",2
"3753","베트남에게",2
"3754","변모",2
"3755","변변",2
"3756","별칭",2
"3757","병무",2
"3758","병역",2
"3759","병원검진",2
"3760","보배",2
"3761","보약",2
"3762","보여주겠다""며",2
"3763","보인다”며",2
"3764","보좌",2
"3765","복잡",2
"3766","본다”며",2
"3767","본의",2
"3768","부문",2
"3769","부산광주(부산아시아드.",2
"3770","부산수원(시.",2
"3771","부산아시아드주경기장에서",2
"3772","부정",2
"3773","부지런",2
"3774","부천SK",2
"3775","부천종합)",2
"3776","부천포항(시.",2
"3777","부합",2
"3778","북중미",2
"3779","북한이",2
"3780","분경",2
"3781","분뒤",2
"3782","분류",2
"3783","분명히했다",2
"3784","분쟁",2
"3785","분전",2
"3786","분출",2
"3787","불굴",2
"3788","불꽃튀는",2
"3789","불명예",2
"3790","불식",2
"3791","불씨",2
"3792","불운",2
"3793","불쾌",2
"3794","불편함",2
"3795","불허",2
"3796","붉은색",2
"3797","브루나이",2
"3798","브에게",2
"3799","브전에",2
"3800","브전을",2
"3801","블루(하의)'는",2
"3802","비공식",2
"3803","비난여론",2
"3804","비대칭",2
"3805","비법",2
"3806","비보",2
"3807","비수",2
"3808","비엘사",2
"3809","비용",2
"3810","비주",2
"3811","비축",2
"3812","비치",2
"3813","빅리그에서",2
"3814","빅매치를",2
"3815","빅뱅",2
"3816","빈공간",2
"3817","빈자리",2
"3818","빗줄기",2
"3819","빠듯",2
"3820","빨간색",2
"3821","빨려들어가는",2
"3822","사격",2
"3823","사고",2
"3824","사과",2
"3825","사나이",2
"3826","사네티를",2
"3827","사면초가",2
"3828","사무총장",2
"3829","사부",2
"3830","사비올라",2
"3831","사스로",2
"3832","사스에",2
"3833","사와라(가시마)",2
"3834","사이클",2
"3835","사이타마경기장에서",2
"3836","사인공세",2
"3837","사진",2
"3838","사커월드(www.",2
"3839","사키",2
"3840","사토시(감바",2
"3841","사표",2
"3842","사활",2
"3843","산토스",2
"3844","산토스(시미즈)",2
"3845","산토스와",2
"3846","삼각",2
"3847","삼각편대",2
"3848","삼각편대와",2
"3849","삿포로돔에서",2
"3850","상대방",2
"3851","상반",2
"3852","상반기",2
"3853","상승",2
"3854","상심",2
"3855","상암징크스",2
"3856","새벽(한국시간)",2
"3857","새별",2
"3858","생각한다”고",2
"3859","생년월일",2
"3860","샤리",2
"3861","샤샤이리네이성남",2
"3862","서울시내",2
"3863","서울월드컵경기장으로",2
"3864","서울월드컵구장에서",2
"3865","서포터들",2
"3866","서포터들에게",2
"3867","서포터들이",2
"3868","서포터스",2
"3869","선명",2
"3870","선방하겠다는",2
"3871","선수권",2
"3872","설기현(안더레흐트)을",2
"3873","설문",2
"3874","설문조사",2
"3875","설성환",2
"3876","섬나라",2
"3877","성국이처럼",2
"3878","성장세",2
"3879","성적부진",2
"3880","성패",2
"3881","세계선수권대회",2
"3882","세계챔피언",2
"3883","세계청소년(U)축구선수권대회에",2
"3884","세계청소년대회",2
"3885","세계청소년축구선수권대회에",2
"3886","세계최강",2
"3887","세팀",2
"3888","소드를",2
"3889","소매",2
"3890","소모",2
"3891","소설",2
"3892","소속명이",2
"3893","소장",2
"3894","소집장소",2
"3895","소피아)",2
"3896","손실",2
"3897","솔직",2
"3898","송고",2
"3899","송종국(.",2
"3900","송종국을",2
"3901","송주희(INI스틸)",2
"3902","쇼크’",2
"3903","수(레알",2
"3904","수능",2
"3905","수리",2
"3906","수부",2
"3907","수순",2
"3908","수원안양(시.",2
"3909","수원전북전을",2
"3910","수천",2
"3911","수퍼",2
"3912","수혈",2
"3913","수확",2
"3914","숙지",2
"3915","순리",2
"3916","순수",2
"3917","순식간",2
"3918","순조",2
"3919","순풍",2
"3920","순환",2
"3921","순회",2
"3922","술래",2
"3923","슈미트가",2
"3924","슈팅력",2
"3925","슈팅하는",2
"3926","슛찬스를",2
"3927","스로",2
"3928","스리랑카전",2
"3929","스리백(Back)",2
"3930","스에",2
"3931","스웨덴",2
"3932","스위스",2
"3933","스위스월드컵",2
"3934","스즈키(겡크)를",2
"3935","스즈키(겡크)와",2
"3936","스즈키는",2
"3937","스즈키를",2
"3938","스코",2
"3939","스트",2
"3940","스트레칭",2
"3941","스트레칭과",2
"3942","스트한",2
"3943","스틸",2
"3944","스틸러스와",2
"3945","스페인과",2
"3946","스페인리그",2
"3947","스포츠중계",2
"3948","스피디",2
"3949","승무",2
"3950","승무를",2
"3951","승무패에",2
"3952","승부차기",2
"3953","승선한다",2
"3954","승선할",2
"3955","승승장구",2
"3956","승인",2
"3957","승패)을",2
"3958","승패를",2
"3959","시각",2
"3960","시리즈",2
"3961","시미즈전을",2
"3962","시분.",2
"3963","시비",2
"3964","시아선수권대회",2
"3965","시아축구대회",2
"3966","시아축구선수권대회",2
"3967","시의회",2
"3968","시인",2
"3969","시일",2
"3970","시한부",2
"3971","식",2
"3972","식사",2
"3973","신기록()에",2
"3974","신라호텔",2
"3975","신뢰감",2
"3976","신바람",2
"3977","신봉자",2
"3978","신인선수",2
"3979","신진",2
"3980","신철",2
"3981","신통",2
"3982","신혼",2
"3983","실망감",2
"3984","실업",2
"3985","실업축구",2
"3986","실전경험",2
"3987","실제",2
"3988","실종",2
"3989","실책",2
"3990","실천",2
"3991","실효성",2
"3992","심경",2
"3993","심상",2
"3994","싶다""며",2
"3995","쌍둥이",2
"3996","쏘아올려",2
"3997","쏟아부을",2
"3998","아들",2
"3999","아르헨티나전에",2
"4000","아르헨티나전이",2
"4001","아선수권대회",2
"4002","아스날이",2
"4003","아시",2
"4004","아시아권",2
"4005","아시아드경기장에서",2
"4006","아시아드주경기장에서",2
"4007","아시아연맹컵을",2
"4008","아시아챔피언스리그",2
"4009","아시아축구연맹(AFC)이",2
"4010","아오키",2
"4011","아인트호벤)",2
"4012","아침",2
"4013","아테네로",2
"4014","아테네를",2
"4015","아파트",2
"4016","악바리",2
"4017","악순환",2
"4018","안더레흐트)은",2
"4019","안선진이",2
"4020","안심",2
"4021","안양부천(안양종합.",2
"4022","안양성남(시.",2
"4023","안양종합.",2
"4024","안정감",2
"4025","안정환(시미즈)를",2
"4026","안정환(시미즈)은",2
"4027","안정환(시미즈)을",2
"4028","안정환(요코하마",2
"4029","안정환(요코하마)은",2
"4030","안정환(요코하마)을",2
"4031","안좋아",2
"4032","안착",2
"4033","안컵과",2
"4034","안컵에",2
"4035","안컵을",2
"4036","안컵축구",2
"4037","않고’",2
"4038","않는다""며",2
"4039","않았",2
"4040","않았다”고",2
"4041","알슛을",2
"4042","알짜",2
"4043","알코올",2
"4044","암스텔컵",2
"4045","았다",2
"4046","앙갚음",2
"4047","앙드레",2
"4048","앙리'로",2
"4049","앙리와",2
"4050","앞날",2
"4051","애도",2
"4052","애용",2
"4053","애제자",2
"4054","앤틀러스가",2
"4055","야간",2
"4056","야마",2
"4057","야마(이와타)와",2
"4058","야마다",2
"4059","야마시타",2
"4060","약팀과",2
"4061","약팀에",2
"4062","약팀이라",2
"4063","양복",2
"4064","양쪽",2
"4065","어리둥절",2
"4066","어수선",2
"4067","어제",2
"4068","어진",2
"4069","어쨌든",2
"4070","언론사",2
"4071","언변",2
"4072","엄지손가락",2
"4073","었기",2
"4074","었던",2
"4075","었어야",2
"4076","었으면",2
"4077","에드밀손",2
"4078","에드밀손과",2
"4079","에드밀손에게",2
"4080","에이전트",2
"4081","에인트호벤)와",2
"4082","에인트호벤에서",2
"4083","에인트호벤전에서",2
"4084","엑셀시오르",2
"4085","엔기가",2
"4086","엘류호'가",2
"4087","엘류호'는",2
"4088","여러분",2
"4089","여성",2
"4090","여자팀",2
"4091","역동",2
"4092","역전승했다",2
"4093","연결부",2
"4094","연고",2
"4095","연극",2
"4096","연령별",2
"4097","연말",2
"4098","연습기간",2
"4099","연연",2
"4100","연패로",2
"4101","열띤경쟁",2
"4102","열망",2
"4103","열성",2
"4104","열세",2
"4105","열어젖힐",2
"4106","열중",2
"4107","였는데",2
"4108","였다고",2
"4109","였지만",2
"4110","영(청구고)",2
"4111","영국",2
"4112","영도",2
"4113","영리",2
"4114","영어",2
"4115","영예",2
"4116","영통",2
"4117","영화배우",2
"4118","예비전력",2
"4119","예외",2
"4120","예우",2
"4121","예의주시",2
"4122","오가사와라는",2
"4123","오분석관을",2
"4124","오승범(성남)",2
"4125","오전시",2
"4126","오찬",2
"4127","오쿠(요코하마)와",2
"4128","오쿠보와",2
"4129","오후시",2
"4130","온몸",2
"4131","올림픽공원",2
"4132","올스타",2
"4133","옴베르투",2
"4134","완료",2
"4135","완산벌",2
"4136","완수",2
"4137","완숙",2
"4138","완장",2
"4139","완쾌",2
"4140","완패하며",2
"4141","완패했다",2
"4142","왔다""며",2
"4143","왕정현(안양)과",2
"4144","외곽",2
"4145","외모",2
"4146","외부",2
"4147","외형상",2
"4148","요리",2
"4149","요시토(오사카)와",2
"4150","요요기",2
"4151","요코하마)등이",2
"4152","요코하마경기장에서",2
"4153","요코하마에",2
"4154","용감",2
"4155","우라와)",2
"4156","우성용(포항)과",2
"4157","우성용(포항)을",2
"4158","우성용(포항)이",2
"4159","우승후보",2
"4160","욱은",2
"4161","운동연합",2
"4162","운드에서",2
"4163","운영계획",2
"4164","울산대전(시.",2
"4165","울산도",2
"4166","울산성남(울산월드컵.",2
"4167","울산월드컵.",2
"4168","울산을",2
"4169","울트라닛폰",2
"4170","원동력",2
"4171","원점",2
"4172","원톱과",2
"4173","원톱이든",2
"4174","원톱인",2
"4175","월~일",2
"4176","월드컵에서",2
"4177","월드컵이다",2
"4178","월드컵축구대회",2
"4179","웠지만",2
"4180","위(골)",2
"4181","위안",2
"4182","위업",2
"4183","위촉",2
"4184","위축",2
"4185","위탁",2
"4186","유럽리그에서",2
"4187","유럽방문",2
"4188","유럽선수권",2
"4189","유럽선수권에서",2
"4190","유럽파는",2
"4191","유럽파를",2
"4192","유발",2
"4193","유상철()",2
"4194","유상철(요코하마",2
"4195","유상철(요코하마)을",2
"4196","유스",2
"4197","유이치로",2
"4198","유족",2
"4199","유해",2
"4200","윤곽",2
"4201","윤덕여",2
"4202","윤석화",2
"4203","융단",2
"4204","융합",2
"4205","으며",2
"4206","을",2
"4207","음식",2
"4208","의기소침",2
"4209","의뢰",2
"4210","의무",2
"4211","이",2
"4212","이관우(대전",2
"4213","이광종",2
"4214","이구동성",2
"4215","이기형(성남)이",2
"4216","이기형(이상",2
"4217","이길용과",2
"4218","이동국(광주)과",2
"4219","이동국(광주)이",2
"4220","이따마르",2
"4221","이따마르를",2
"4222","이때",2
"4223","이란전을",2
"4224","이메이커",2
"4225","이메이커로",2
"4226","이민성(포항)",2
"4227","이벤트",2
"4228","이상윤씨도",2
"4229","이색",2
"4230","이션으로",2
"4231","이시아에",2
"4232","이시아전을",2
"4233","이에따",2
"4234","이영표.",2
"4235","이영표도",2
"4236","이웃집",2
"4237","이을용(안양)과",2
"4238","이을용(안양)이",2
"4239","이을용(트라브존스포르)과",2
"4240","이을용(트라브존스포르)도",2
"4241","이을용을",2
"4242","이음새",2
"4243","이적료",2
"4244","이종민",2
"4245","이준영",2
"4246","이준영(안양)",2
"4247","이지",2
"4248","이천수(·레알",2
"4249","이천수(울산)는",2
"4250","이천수(울산)를",2
"4251","이치하라)가",2
"4252","이치하라)는",2
"4253","이치하라)와",2
"4254","이케다",2
"4255","이탈리아는",2
"4256","이탈리아를",2
"4257","이탈리아에",2
"4258","이탈리아전을",2
"4259","이트",2
"4260","인구",2
"4261","인근",2
"4262","인물",2
"4263","인방이",2
"4264","인생",2
"4265","인저리타임",2
"4266","인적",2
"4267","인천에서",2
"4268","일(현지시간)",2
"4269","일간",2
"4270","일등공신",2
"4271","일본국가",2
"4272","일본올림픽대표팀을",2
"4273","일본축구",2
"4274","일본축구대표팀",2
"4275","일본축구를",2
"4276","일본축구협회가",2
"4277","일본프로축구(J리그)",2
"4278","일본프로축구(J리그)와",2
"4279","일상하이",2
"4280","일종",2
"4281","일진일퇴",2
"4282","일화(〃",2
"4283","일희일비",2
"4284","임대",2
"4285","임박",2
"4286","임시",2
"4287","임원",2
"4288","임유환(전북)",2
"4289","임유환(전북)을",2
"4290","임유환은",2
"4291","임자",2
"4292","입맛",2
"4293","입성",2
"4294","있다”는",2
"4295","있사옵니까.",2
"4296","잉글랜드는",2
"4297","자격",2
"4298","자부",2
"4299","자원",2
"4300","자유계약선수",2
"4301","자유토론",2
"4302","자율",2
"4303","자의",2
"4304","자인",2
"4305","자처",2
"4306","자초",2
"4307","작렬하겠다며",2
"4308","작렬했던",2
"4309","잔류",2
"4310","장거리",2
"4311","장과",2
"4312","장도",2
"4313","장성",2
"4314","장수",2
"4315","장시간",2
"4316","장착",2
"4317","재(수원)",2
"4318","재기",2
"4319","재도전",2
"4320","재무장",2
"4321","재점검",2
"4322","재정비",2
"4323","재조율했다",2
"4324","재조정",2
"4325","재팬'",2
"4326","저녁",2
"4327","저조",2
"4328","저해",2
"4329","전(_",2
"4330","전개",2
"4331","전기",2
"4332","전남광주(시.",2
"4333","전남도",2
"4334","전남성남(시분.",2
"4335","전남포항(광양전용.",2
"4336","전매",2
"4337","전북부천(시.",2
"4338","전세계",2
"4339","전재운(울산)",2
"4340","전재운(울산)과",2
"4341","전차",2
"4342","전형()과",2
"4343","전화번호",2
"4344","전후기",2
"4345","전후반",2
"4346","절감",2
"4347","절체절명",2
"4348","절친",2
"4349","점철",2
"4350","접착",2
"4351","정가",2
"4352","정밀",2
"4353","정벌",2
"4354","정복",2
"4355","정부",2
"4356","정서",2
"4357","정성",2
"4358","정신교육",2
"4359","정우",2
"4360","정장",2
"4361","정조국(.",2
"4362","정조국(안양)을",2
"4363","정주",2
"4364","정황",2
"4365","제거",2
"4366","제공권",2
"4367","제왕",2
"4368","제자",2
"4369","제자리",2
"4370","제주",2
"4371","제품",2
"4372","조국",2
"4373","조모컵",2
"4374","조별리그에서",2
"4375","조병국(·수원",2
"4376","조병국(수원)을",2
"4377","조병국(ㆍ수원)이",2
"4378","조수",2
"4379","조의",2
"4380","조재진(광주)과",2
"4381","조재진(상무)을",2
"4382","조재진(수원)이",2
"4383","조재진에",2
"4384","조전무",2
"4385","조짐",2
"4386","조합",2
"4387","종료",2
"4388","종합운동장",2
"4389","좋겠다”며",2
"4390","좌.우",2
"4391","좌.우에",2
"4392","좌·우",2
"4393","좌충우돌",2
"4394","주연",2
"4395","주재",2
"4396","주전자리",2
"4397","주조",2
"4398","주최",2
"4399","준결승전",2
"4400","중간",2
"4401","중계권",2
"4402","중고교",2
"4403","중독자",2
"4404","중반",2
"4405","중상위권",2
"4406","중압감",2
"4407","중앙선",2
"4408","중장기",2
"4409","즈음",2
"4410","즌들이",2
"4411","즐비",2
"4412","지경",2
"4413","지난주",2
"4414","지네딘",2
"4415","지독",2
"4416","지략",2
"4417","지름길",2
"4418","지성",2
"4419","지속",2
"4420","지일파",2
"4421","지존을",2
"4422","지켜봐달라”고",2
"4423","지코감독은",2
"4424","지코는",2
"4425","지향",2
"4426","직결",2
"4427","직원",2
"4428","진(광주)",2
"4429","진(광주)과",2
"4430","진단",2
"4431","진용",2
"4432","진화",2
"4433","짐작",2
"4434","집무",2
"4435","집요",2
"4436","짜여져",2
"4437","짜증",2
"4438","짤막",2
"4439","차두리(빌레펠트)도",2
"4440","차두리(프랑크푸르트)는",2
"4441","차두리(프랑크푸르트)와",2
"4442","차두리등이",2
"4443","차상광이",2
"4444","차선",2
"4445","차예선(조)",2
"4446","차예선이",2
"4447","차예선전을",2
"4448","차지했기때문에",2
"4449","차철호",2
"4450","차후",2
"4451","착수",2
"4452","착오",2
"4453","참고",2
"4454","참관하며",2
"4455","참패’",2
"4456","채널",2
"4457","채용",2
"4458","챔피언스리그에서",2
"4459","처분",2
"4460","천수",2
"4461","천여",2
"4462","철도",2
"4463","첫날",2
"4464","청백",2
"4465","청사진",2
"4466","청산",2
"4467","청신호",2
"4468","체력면",2
"4469","체력소모",2
"4470","체력테스트",2
"4471","쳉시오위",2
"4472","쳉시오위는",2
"4473","초경량",2
"4474","초년병",2
"4475","초등학교",2
"4476","초월",2
"4477","초토호화할",2
"4478","초토화",2
"4479","촉망",2
"4480","촉발",2
"4481","총공세",2
"4482","총괄",2
"4483","총동원령",2
"4484","총사'",2
"4485","총사가",2
"4486","총지휘",2
"4487","촬영",2
"4488","최경주는",2
"4489","최다골차",2
"4490","최성국(울산)정조국(안양)",2
"4491","최성국도",2
"4492","최성국에",2
"4493","최성국정경호가",2
"4494","최성용(수원)이",2
"4495","최성용과",2
"4496","최용수도",2
"4497","최우수",2
"4498","최원권(안양)에게",2
"4499","최원권이",2
"4500","최은택",2
"4501","최절정에",2
"4502","최정예",2
"4503","최진철(전북)과",2
"4504","최진철은",2
"4505","최태욱(안양)도",2
"4506","최태욱(안양)을",2
"4507","최태욱과",2
"4508","최태욱에다",2
"4509","최태욱에서",2
"4510","추궁",2
"4511","축구(J리그)에서",2
"4512","축구’",2
"4513","축구공",2
"4514","축구협회장",2
"4515","축포",2
"4516","출구",2
"4517","출근",2
"4518","출장(골)",2
"4519","출전기회",2
"4520","출정",2
"4521","출중",2
"4522","출퇴근",2
"4523","충격요법",2
"4524","충격파",2
"4525","충족",2
"4526","취약",2
"4527","취약점",2
"4528","취임식",2
"4529","츠를",2
"4530","츠보이",2
"4531","측근",2
"4532","측면지원",2
"4533","치레",2
"4534","친목",2
"4535","친선",2
"4536","친선경기(A매치)에서",2
"4537","침몰",2
"4538","침체",2
"4539","카드섹션",2
"4540","카르페지안니",2
"4541","카를루스",2
"4542","카메룬",2
"4543","카야마",2
"4544","카트에서",2
"4545","캄비아소",2
"4546","캐주얼",2
"4547","캠페인",2
"4548","컨트롤하지",2
"4549","코리아",2
"4550","코뼈가",2
"4551","코엘류(포르투갈)",2
"4552","코엘류]",2
"4553","코엘류에",2
"4554","코엘류에겐",2
"4555","코엘류호'가",2
"4556","코엘류호'에",2
"4557","코엘류호로서는",2
"4558","코칭스태프과",2
"4559","코칭스태프를",2
"4560","코칭스테프를",2
"4561","코호텔에",2
"4562","콘세이상",2
"4563","콘스",2
"4564","콘스에",2
"4565","콜롬비아전
축구
일정
한.일전
비중
감안
훈련
구단
협조
바람직하다",2
"4566","콤비플레이",2
"4567","콧은",2
"4568","쾌거",2
"4569","쿠보가",2
"4570","쿠엘류호",2
"4571","쿼터",2
"4572","크라운'에",2
"4573","키퍼",2
"4574","키퍼〓이운재(수원)",2
"4575","킬러’",2
"4576","타리카와",2
"4577","타워호텔",2
"4578","탄장전'이",2
"4579","탐색",2
"4580","태생",2
"4581","터즈",2
"4582","터프",2
"4583","텔레비전",2
"4584","템에",2
"4585","템으로",2
"4586","템은",2
"4587","템이",2
"4588","템포",2
"4589","토너먼트",2
"4590","토양",2
"4591","통신",2
"4592","통역",2
"4593","통풍",2
"4594","퇴임",2
"4595","퇴출당한",2
"4596","투갈로",2
"4597","투갈은",2
"4598","투쟁",2
"4599","투톱과",2
"4600","투톱에",2
"4601","투톱이",2
"4602","투톱이든",2
"4603","트나즈",2
"4604","트래핑",2
"4605","트레이닝센터(NFC)에서",2
"4606","트레이드마크",2
"4607","트루시에는",2
"4608","트에는",2
"4609","트플레이가",2
"4610","트호벤에",2
"4611","트호벤에서",2
"4612","특별배려",2
"4613","특정",2
"4614","특허",2
"4615","특히",2
"4616","티지역",2
"4617","팀정비에",2
"4618","팀트레이닝센터(NFC)에",2
"4619","파격",2
"4620","파라과이가",2
"4621","파라과이전",2
"4622","파주NFC에",2
"4623","파주트레이닝센터에서",2
"4624","판가름",2
"4625","판단력",2
"4626","판단착오",2
"4627","판도",2
"4628","패싱력",2
"4629","패싱력을",2
"4630","패턴",2
"4631","패퇴",2
"4632","팬투표에서",2
"4633","퍼드대",2
"4634","페널티에어리어",2
"4635","페어플레이",2
"4636","페예노르트)은",2
"4637","페예노르트는",2
"4638","페예노르트에",2
"4639","펜스",2
"4640","펠리페",2
"4641","편의",2
"4642","평가된다""며",2
"4643","평상시",2
"4644","포로",2
"4645","포르투갈과",2
"4646","포를란",2
"4647","포맷",2
"4648","포백과",2
"4649","포백라인이",2
"4650","포백수비를",2
"4651","포백에서",2
"4652","포백이",2
"4653","포백이든",2
"4654","포스트",2
"4655","포워드들",2
"4656","포워드진",2
"4657","포털사이트",2
"4658","포항대구(시분.",2
"4659","포항에서",2
"4660","포항전용",2
"4661","폭격",2
"4662","폭력사태",2
"4663","폭탄",2
"4664","폴란드",2
"4665","표류",2
"4666","프들이",2
"4667","프란시스코",2
"4668","프랑스에게",2
"4669","프로농구",2
"4670","프로데뷔",2
"4671","프로축구(J리그)",2
"4672","프로축구(K리그)가",2
"4673","프로축구(프리메라리가)",2
"4674","프리",2
"4675","프리메라리가",2
"4676","프리미어",2
"4677","피스컵축구대회",2
"4678","픽대표팀과",2
"4679","픽대표팀에",2
"4680","픽대표팀은",2
"4681","픽대표팀을",2
"4682","픽대표팀이",2
"4683","필사",2
"4684","필수",2
"4685","필요하다""며",2
"4686","하겠다""며",2
"4687","하겠다”고",2
"4688","하멜",2
"4689","하무드",2
"4690","하오하이둥과",2
"4691","하위",2
"4692","하이라이트",2
"4693","하이버리",2
"4694","학년",2
"4695","학부모",2
"4696","학생",2
"4697","한·일전에서",2
"4698","한국'을",2
"4699","한국(위)이",2
"4700","한국OB축구회장",2
"4701","한국국가대표팀",2
"4702","한국말",2
"4703","한국문화",2
"4704","한국식",2
"4705","한국일본",2
"4706","한국청소년대표팀을",2
"4707","한국콜롬비아전",2
"4708","한국클럽팀이",2
"4709","한다’는",2
"4710","한다”는",2
"4711","한몫하겠다는",2
"4712","한몸에",2
"4713","한밭벌",2
"4714","한밭벌에서는",2
"4715","한양대",2
"4716","한여름",2
"4717","한일간",2
"4718","한일월드컵이",2
"4719","한ㆍ일전",2
"4720","한ㆍ일전에서",2
"4721","한ㆍ일전이",2
"4722","함축",2
"4723","합리",2
"4724","합산",2
"4725","합숙소",2
"4726","합의가",2
"4727","핫토리",2
"4728","항공편",2
"4729","해(Hamel",2
"4730","해답",2
"4731","해방",2
"4732","해법은",2
"4733","핵심멤버",2
"4734","핸디캡",2
"4735","했다""며",2
"4736","했다”며",2
"4737","행복",2
"4738","헛점",2
"4739","헤딩력",2
"4740","헤딩력과",2
"4741","헨티나도",2
"4742","헬스클럽",2
"4743","현(안더레흐트)과",2
"4744","현(이상",2
"4745","현영민을",2
"4746","현영민이",2
"4747","현주소",2
"4748","현황",2
"4749","협조공문",2
"4750","협회측",2
"4751","형님",2
"4752","호각지세",2
"4753","호감",2
"4754","호기심",2
"4755","호부호형을",2
"4756","호부호형이",2
"4757","호응",2
"4758","호출",2
"4759","호쾌",2
"4760","혹독",2
"4761","혼용",2
"4762","혼전",2
"4763","혼쭐이",2
"4764","홈런",2
"4765","홈런포",2
"4766","홈팬",2
"4767","홍명보가",2
"4768","홍이삭씨는",2
"4769","홍콩에",2
"4770","홍콩전",2
"4771","화기애애한",2
"4772","화끈을",2
"4773","화두",2
"4774","화살",2
"4775","확고",2
"4776","확산",2
"4777","확신",2
"4778","환기",2
"4779","활력",2
"4780","황새",2
"4781","황선홍(전남",2
"4782","황선홍은",2
"4783","황연석",2
"4784","황태자’로",2
"4785","황폐화",2
"4786","회동",2
"4787","회복했다""며",2
"4788","회심",2
"4789","회연속",2
"4790","후보자",2
"4791","후원",2
"4792","후지타(위트레흐트)를",2
"4793","후쿠니시가",2
"4794","후쿠니시와",2
"4795","후쿠시마현",2
"4796","훈련계획",2
"4797","휴지",2
"4798","흔히들",2
"4799","히딩크보다",2
"4800","히어로",2
"4801","힐튼호텔",2
"4802","",1
"4803","―승리를",1
"4804","(",1
"4805","(~일·중국",1
"4806","(·년)와",1
"4807","(Back)을",1
"4808","(고온다습한)",1
"4809","(골)(도움)'",1
"4810","(골)로",1
"4811","(골)를",1
"4812","(골.",1
"4813","(골도움)를",1
"4814","(골ㆍ울산)",1
"4815","(김)남일이는",1
"4816","(김도훈)“국민들을",1
"4817","(대)에서",1
"4818","(득점",1
"4819","(렘보)를",1
"4820","(무패)은",1
"4821","(미드필더",1
"4822","(上)코엘류호",1
"4823","(설기현)",1
"4824","(수비)(미드필더)(공격)를",1
"4825","(승무)",1
"4826","(승무패)",1
"4827","(승무패)을",1
"4828","(승점)은",1
"4829","(승패)에",1
"4830","(안더레흐트)과",1
"4831","(연승)",1
"4832","(우승.",1
"4833","(위ㆍ승점",1
"4834","(이영표)네덜란드",1
"4835","(이탈리아)",1
"4836","(이탈리아)은",1
"4837","(정조국이
전반
플레이
'쓴소리'도
마다
m
패스미스
연발
했다",1
"4838","(주)기가골프",1
"4839","(최성국)도",1
"4840","(최용수)움베르투",1
"4841","(下)불거지는",1
"4842",")김진우가",1
"4843",")전북이",1
"4844",".m",1
"4845",".나라자키",1
"4846",".묘진",1
"4847",".아키타",1
"4848",".진",1
"4849",".핫토리",1
"4850","/이상민기",1
"4851","/편집자주베스트...",1
"4852","[코엘류",1
"4853","^요코하마",1
"4854","_(_",1
"4855","_)로",1
"4856","_<_>",1
"4857","_골",1
"4858","_당장",1
"4859","_대표팀",1
"4860","_선수",1
"4861","_선수선발에",1
"4862","_수비에",1
"4863","_아시안컵까지",1
"4864","_을",1
"4865","_이던",1
"4866","_이동국이",1
"4867","_최종",1
"4868","_한일전",1
"4869","_히딩크",1
"4870","`(골)(도움)",1
"4871","``",1
"4872","`골",1
"4873","`골넣는",1
"4874","`공한증`",1
"4875","`구태'만",1
"4876","`김도훈",1
"4877","`김호곤호",1
"4878","`꺾다리'",1
"4879","`나홀로'",1
"4880","`남미",1
"4881","`다윗과",1
"4882","`대~한민국'을",1
"4883","`더치풋볼닷넷'은",1
"4884","`도쿄",1
"4885","`도쿄는",1
"4886","`도쿄대첩'은",1
"4887","`도쿄불패'",1
"4888","`도쿄에서는",1
"4889","`라이언킹'",1
"4890","`미드헌터",1
"4891","`밀레니엄",1
"4892","`밀레니엄특급'",1
"4893","`박자'가",1
"4894","`베트남'을",1
"4895","`베트남이",1
"4896","`샤프'",1
"4897","`서울팀",1
"4898","`설바우두'",1
"4899","`스리백`",1
"4900","`스리톱`을",1
"4901","`시리우스'",1
"4902","`아시아",1
"4903","`아트사커`",1
"4904","`오대영()'이란",1
"4905","`옥에티'로",1
"4906","`우루과이",1
"4907","`울트라",1
"4908","`유럽파",1
"4909","`유럽파'",1
"4910","`유럽파'가",1
"4911","`전차군단`",1
"4912","`지원'했고",1
"4913","`지피지기면",1
"4914","`진검승부'가",1
"4915","`짠물",1
"4916","`차포",1
"4917","`총알탄",1
"4918","`캐넌슈터'",1
"4919","`코엘류식",1
"4920","`코엘류호'에",1
"4921","`코엘류호`",1
"4922","`키플레이어'로",1
"4923","`투르크",1
"4924","`투톱원톱'을",1
"4925","`포백",1
"4926","`포백(Back)'",1
"4927","`포백수비'",1
"4928","`한.홍콩",1
"4929","`한국",1
"4930","`한국이",1
"4931","`한국킬러'라는",1
"4932","`홍콩",1
"4933","`히딩크에서",1
"4934","~골에서",1
"4935","~ㆍ인천)에",1
"4936","‘(수비)(수비형",1
"4937","‘’",1
"4938","‘C’를",1
"4939","‘Coelho(코엘류)’를",1
"4940","‘HYE",1
"4941","‘MT’를",1
"4942","‘X파일’을",1
"4943","‘감독’을",1
"4944","‘강신화",1
"4945","‘거수기’로",1
"4946","‘경기는",1
"4947","‘계기’를",1
"4948","‘고교최대어’라는",1
"4949","‘고질적인’이라는",1
"4950","‘구렁이",1
"4951","‘국가성’을",1
"4952","‘군기잡기’",1
"4953","‘그라운드",1
"4954","‘극찬’을",1
"4955","‘기술축구’나",1
"4956","‘꺾다리’",1
"4957","‘날개없는",1
"4958","‘날쌘돌이’",1
"4959","‘남성미’에",1
"4960","‘넣기",1
"4961","‘대~한민국’",1
"4962","‘대~한민국’과‘오",1
"4963","‘대사(大事)’를",1
"4964","‘대형",1
"4965","‘돌아온",1
"4966","‘동구",1
"4967","‘드리블",1
"4968","‘듣지도",1
"4969","‘마",1
"4970","‘만리장성’을",1
"4971","‘맏형’",1
"4972","‘무거운",1
"4973","‘무조건",1
"4974","‘미드필더’",1
"4975","‘박지성은",1
"4976","‘반드시",1
"4977","‘반쪽’",1
"4978","‘베스트",1
"4979","‘베스트’와",1
"4980","‘변화’가",1
"4981","‘변화’를",1
"4982","‘보지도",1
"4983","‘분’",1
"4984","‘붉은악마’",1
"4985","‘비전’을",1
"4986","‘사커",1
"4987","‘삼각",1
"4988","‘삼바",1
"4989","‘삼바특급’",1
"4990","‘상대",1
"4991","‘새얼굴’이",1
"4992","‘새해",1
"4993","‘색깔’과",1
"4994","‘색깔이",1
"4995","‘생각",1
"4996","‘서울",1
"4997","‘선수소집’이라는",1
"4998","‘성남",1
"4999","‘성실맨’이다",1
"5000","‘세상에",1
